[0.106s] DEBUG:colcon:Command line arguments: ['/usr/bin/colcon', 'list', '-p', '--base-paths', '/home/transporter/transporter_ws/firmware/BNO055_uros', '--log-base', '/dev/null']
[0.106s] DEBUG:colcon:Parsed command line arguments: Namespace(log_base=None, log_level=None, verb_name='list', build_base='build', ignore_user_meta=False, metas=['./colcon.meta'], base_paths=['/home/transporter/transporter_ws/firmware/BNO055_uros', '--log-base', '/dev/null'], packages_ignore=None, packages_ignore_regex=None, paths=None, packages_up_to=None, packages_up_to_regex=None, packages_above=None, packages_above_and_dependencies=None, packages_above_depth=None, packages_select_by_dep=None, packages_skip_by_dep=None, packages_skip_up_to=None, packages_select_build_failed=False, packages_skip_build_finished=False, packages_select_test_failures=False, packages_skip_test_passed=False, packages_select=None, packages_skip=None, packages_select_regex=None, packages_skip_regex=None, packages_start=None, packages_end=None, allow_overriding=[], topological_order=False, names_only=False, paths_only=True, topological_graph=False, topological_graph_dot=False, topological_graph_density=False, topological_graph_legend=False, topological_graph_dot_cluster=False, topological_graph_dot_include_skipped=False, mixin_files=None, mixin=None, verb_parser=<colcon_mixin.mixin.mixin_argument.MixinArgumentDecorator object at 0x75e3149acf10>, verb_extension=<colcon_package_information.verb.list.ListVerb object at 0x75e314931150>, main=<bound method ListVerb.main of <colcon_package_information.verb.list.ListVerb object at 0x75e314931150>>, mixin_verb=('list',))
[0.367s] Level 1:colcon.colcon_core.package_discovery:discover_packages(colcon_meta) check parameters
[0.367s] Level 1:colcon.colcon_core.package_discovery:discover_packages(recursive) check parameters
[0.367s] Level 1:colcon.colcon_core.package_discovery:discover_packages(ignore) check parameters
[0.367s] Level 1:colcon.colcon_core.package_discovery:discover_packages(path) check parameters
[0.367s] Level 1:colcon.colcon_core.package_discovery:discover_packages(recursive) discover
[0.367s] INFO:colcon.colcon_core.package_discovery:Crawling recursively for packages in '/home/transporter/transporter_ws/firmware/BNO055_uros', '/home/transporter/transporter_ws/firmware/BNO055_uros/--log-base', '/dev/null'
[0.367s] Level 1:colcon.colcon_core.package_identification:_identify(/home/transporter/transporter_ws/firmware/BNO055_uros) by extensions ['ignore', 'ignore_ament_install']
[0.367s] Level 1:colcon.colcon_core.package_identification:_identify(/home/transporter/transporter_ws/firmware/BNO055_uros) by extension 'ignore'
[0.367s] Level 1:colcon.colcon_core.package_identification:_identify(/home/transporter/transporter_ws/firmware/BNO055_uros) by extension 'ignore_ament_install'
[0.367s] Level 1:colcon.colcon_core.package_identification:_identify(/home/transporter/transporter_ws/firmware/BNO055_uros) by extensions ['colcon_pkg']
[0.367s] Level 1:colcon.colcon_core.package_identification:_identify(/home/transporter/transporter_ws/firmware/BNO055_uros) by extension 'colcon_pkg'
[0.367s] Level 1:colcon.colcon_core.package_identification:_identify(/home/transporter/transporter_ws/firmware/BNO055_uros) by extensions ['colcon_meta']
[0.367s] Level 1:colcon.colcon_core.package_identification:_identify(/home/transporter/transporter_ws/firmware/BNO055_uros) by extension 'colcon_meta'
[0.367s] Level 1:colcon.colcon_core.package_identification:_identify(/home/transporter/transporter_ws/firmware/BNO055_uros) by extensions ['ros']
[0.367s] Level 1:colcon.colcon_core.package_identification:_identify(/home/transporter/transporter_ws/firmware/BNO055_uros) by extension 'ros'
[0.376s] Level 1:colcon.colcon_core.package_identification:_identify(/home/transporter/transporter_ws/firmware/BNO055_uros) by extensions ['cmake', 'python']
[0.376s] Level 1:colcon.colcon_core.package_identification:_identify(/home/transporter/transporter_ws/firmware/BNO055_uros) by extension 'cmake'
[0.376s] Level 1:colcon.colcon_core.package_identification:_identify(/home/transporter/transporter_ws/firmware/BNO055_uros) by extension 'python'
[0.376s] Level 1:colcon.colcon_core.package_identification:_identify(/home/transporter/transporter_ws/firmware/BNO055_uros) by extensions ['python_setup_py']
[0.376s] Level 1:colcon.colcon_core.package_identification:_identify(/home/transporter/transporter_ws/firmware/BNO055_uros) by extension 'python_setup_py'
[0.376s] Level 1:colcon.colcon_core.package_identification:_identify(/home/transporter/transporter_ws/firmware/BNO055_uros/bno055_uros_publisher) by extensions ['ignore', 'ignore_ament_install']
[0.376s] Level 1:colcon.colcon_core.package_identification:_identify(/home/transporter/transporter_ws/firmware/BNO055_uros/bno055_uros_publisher) by extension 'ignore'
[0.376s] Level 1:colcon.colcon_core.package_identification:_identify(/home/transporter/transporter_ws/firmware/BNO055_uros/bno055_uros_publisher) by extension 'ignore_ament_install'
[0.376s] Level 1:colcon.colcon_core.package_identification:_identify(/home/transporter/transporter_ws/firmware/BNO055_uros/bno055_uros_publisher) by extensions ['colcon_pkg']
[0.376s] Level 1:colcon.colcon_core.package_identification:_identify(/home/transporter/transporter_ws/firmware/BNO055_uros/bno055_uros_publisher) by extension 'colcon_pkg'
[0.376s] Level 1:colcon.colcon_core.package_identification:_identify(/home/transporter/transporter_ws/firmware/BNO055_uros/bno055_uros_publisher) by extensions ['colcon_meta']
[0.376s] Level 1:colcon.colcon_core.package_identification:_identify(/home/transporter/transporter_ws/firmware/BNO055_uros/bno055_uros_publisher) by extension 'colcon_meta'
[0.376s] Level 1:colcon.colcon_core.package_identification:_identify(/home/transporter/transporter_ws/firmware/BNO055_uros/bno055_uros_publisher) by extensions ['ros']
[0.376s] Level 1:colcon.colcon_core.package_identification:_identify(/home/transporter/transporter_ws/firmware/BNO055_uros/bno055_uros_publisher) by extension 'ros'
[0.376s] Level 1:colcon.colcon_core.package_identification:_identify(/home/transporter/transporter_ws/firmware/BNO055_uros/bno055_uros_publisher) by extensions ['cmake', 'python']
[0.376s] Level 1:colcon.colcon_core.package_identification:_identify(/home/transporter/transporter_ws/firmware/BNO055_uros/bno055_uros_publisher) by extension 'cmake'
[0.376s] Level 1:colcon.colcon_core.package_identification:_identify(/home/transporter/transporter_ws/firmware/BNO055_uros/bno055_uros_publisher) by extension 'python'
[0.376s] Level 1:colcon.colcon_core.package_identification:_identify(/home/transporter/transporter_ws/firmware/BNO055_uros/bno055_uros_publisher) by extensions ['python_setup_py']
[0.376s] Level 1:colcon.colcon_core.package_identification:_identify(/home/transporter/transporter_ws/firmware/BNO055_uros/bno055_uros_publisher) by extension 'python_setup_py'
[0.377s] Level 1:colcon.colcon_core.package_identification:_identify(/home/transporter/transporter_ws/firmware/BNO055_uros/bno055_uros_publisher/Core) by extensions ['ignore', 'ignore_ament_install']
[0.377s] Level 1:colcon.colcon_core.package_identification:_identify(/home/transporter/transporter_ws/firmware/BNO055_uros/bno055_uros_publisher/Core) by extension 'ignore'
[0.377s] Level 1:colcon.colcon_core.package_identification:_identify(/home/transporter/transporter_ws/firmware/BNO055_uros/bno055_uros_publisher/Core) by extension 'ignore_ament_install'
[0.377s] Level 1:colcon.colcon_core.package_identification:_identify(/home/transporter/transporter_ws/firmware/BNO055_uros/bno055_uros_publisher/Core) by extensions ['colcon_pkg']
[0.377s] Level 1:colcon.colcon_core.package_identification:_identify(/home/transporter/transporter_ws/firmware/BNO055_uros/bno055_uros_publisher/Core) by extension 'colcon_pkg'
[0.377s] Level 1:colcon.colcon_core.package_identification:_identify(/home/transporter/transporter_ws/firmware/BNO055_uros/bno055_uros_publisher/Core) by extensions ['colcon_meta']
[0.377s] Level 1:colcon.colcon_core.package_identification:_identify(/home/transporter/transporter_ws/firmware/BNO055_uros/bno055_uros_publisher/Core) by extension 'colcon_meta'
[0.377s] Level 1:colcon.colcon_core.package_identification:_identify(/home/transporter/transporter_ws/firmware/BNO055_uros/bno055_uros_publisher/Core) by extensions ['ros']
[0.377s] Level 1:colcon.colcon_core.package_identification:_identify(/home/transporter/transporter_ws/firmware/BNO055_uros/bno055_uros_publisher/Core) by extension 'ros'
[0.377s] Level 1:colcon.colcon_core.package_identification:_identify(/home/transporter/transporter_ws/firmware/BNO055_uros/bno055_uros_publisher/Core) by extensions ['cmake', 'python']
[0.377s] Level 1:colcon.colcon_core.package_identification:_identify(/home/transporter/transporter_ws/firmware/BNO055_uros/bno055_uros_publisher/Core) by extension 'cmake'
[0.377s] Level 1:colcon.colcon_core.package_identification:_identify(/home/transporter/transporter_ws/firmware/BNO055_uros/bno055_uros_publisher/Core) by extension 'python'
[0.377s] Level 1:colcon.colcon_core.package_identification:_identify(/home/transporter/transporter_ws/firmware/BNO055_uros/bno055_uros_publisher/Core) by extensions ['python_setup_py']
[0.377s] Level 1:colcon.colcon_core.package_identification:_identify(/home/transporter/transporter_ws/firmware/BNO055_uros/bno055_uros_publisher/Core) by extension 'python_setup_py'
[0.377s] Level 1:colcon.colcon_core.package_identification:_identify(/home/transporter/transporter_ws/firmware/BNO055_uros/bno055_uros_publisher/Core/Inc) by extensions ['ignore', 'ignore_ament_install']
[0.377s] Level 1:colcon.colcon_core.package_identification:_identify(/home/transporter/transporter_ws/firmware/BNO055_uros/bno055_uros_publisher/Core/Inc) by extension 'ignore'
[0.377s] Level 1:colcon.colcon_core.package_identification:_identify(/home/transporter/transporter_ws/firmware/BNO055_uros/bno055_uros_publisher/Core/Inc) by extension 'ignore_ament_install'
[0.377s] Level 1:colcon.colcon_core.package_identification:_identify(/home/transporter/transporter_ws/firmware/BNO055_uros/bno055_uros_publisher/Core/Inc) by extensions ['colcon_pkg']
[0.377s] Level 1:colcon.colcon_core.package_identification:_identify(/home/transporter/transporter_ws/firmware/BNO055_uros/bno055_uros_publisher/Core/Inc) by extension 'colcon_pkg'
[0.377s] Level 1:colcon.colcon_core.package_identification:_identify(/home/transporter/transporter_ws/firmware/BNO055_uros/bno055_uros_publisher/Core/Inc) by extensions ['colcon_meta']
[0.377s] Level 1:colcon.colcon_core.package_identification:_identify(/home/transporter/transporter_ws/firmware/BNO055_uros/bno055_uros_publisher/Core/Inc) by extension 'colcon_meta'
[0.377s] Level 1:colcon.colcon_core.package_identification:_identify(/home/transporter/transporter_ws/firmware/BNO055_uros/bno055_uros_publisher/Core/Inc) by extensions ['ros']
[0.377s] Level 1:colcon.colcon_core.package_identification:_identify(/home/transporter/transporter_ws/firmware/BNO055_uros/bno055_uros_publisher/Core/Inc) by extension 'ros'
[0.377s] Level 1:colcon.colcon_core.package_identification:_identify(/home/transporter/transporter_ws/firmware/BNO055_uros/bno055_uros_publisher/Core/Inc) by extensions ['cmake', 'python']
[0.377s] Level 1:colcon.colcon_core.package_identification:_identify(/home/transporter/transporter_ws/firmware/BNO055_uros/bno055_uros_publisher/Core/Inc) by extension 'cmake'
[0.377s] Level 1:colcon.colcon_core.package_identification:_identify(/home/transporter/transporter_ws/firmware/BNO055_uros/bno055_uros_publisher/Core/Inc) by extension 'python'
[0.377s] Level 1:colcon.colcon_core.package_identification:_identify(/home/transporter/transporter_ws/firmware/BNO055_uros/bno055_uros_publisher/Core/Inc) by extensions ['python_setup_py']
[0.377s] Level 1:colcon.colcon_core.package_identification:_identify(/home/transporter/transporter_ws/firmware/BNO055_uros/bno055_uros_publisher/Core/Inc) by extension 'python_setup_py'
[0.377s] Level 1:colcon.colcon_core.package_identification:_identify(/home/transporter/transporter_ws/firmware/BNO055_uros/bno055_uros_publisher/Core/Src) by extensions ['ignore', 'ignore_ament_install']
[0.377s] Level 1:colcon.colcon_core.package_identification:_identify(/home/transporter/transporter_ws/firmware/BNO055_uros/bno055_uros_publisher/Core/Src) by extension 'ignore'
[0.377s] Level 1:colcon.colcon_core.package_identification:_identify(/home/transporter/transporter_ws/firmware/BNO055_uros/bno055_uros_publisher/Core/Src) by extension 'ignore_ament_install'
[0.377s] Level 1:colcon.colcon_core.package_identification:_identify(/home/transporter/transporter_ws/firmware/BNO055_uros/bno055_uros_publisher/Core/Src) by extensions ['colcon_pkg']
[0.377s] Level 1:colcon.colcon_core.package_identification:_identify(/home/transporter/transporter_ws/firmware/BNO055_uros/bno055_uros_publisher/Core/Src) by extension 'colcon_pkg'
[0.377s] Level 1:colcon.colcon_core.package_identification:_identify(/home/transporter/transporter_ws/firmware/BNO055_uros/bno055_uros_publisher/Core/Src) by extensions ['colcon_meta']
[0.377s] Level 1:colcon.colcon_core.package_identification:_identify(/home/transporter/transporter_ws/firmware/BNO055_uros/bno055_uros_publisher/Core/Src) by extension 'colcon_meta'
[0.377s] Level 1:colcon.colcon_core.package_identification:_identify(/home/transporter/transporter_ws/firmware/BNO055_uros/bno055_uros_publisher/Core/Src) by extensions ['ros']
[0.378s] Level 1:colcon.colcon_core.package_identification:_identify(/home/transporter/transporter_ws/firmware/BNO055_uros/bno055_uros_publisher/Core/Src) by extension 'ros'
[0.378s] Level 1:colcon.colcon_core.package_identification:_identify(/home/transporter/transporter_ws/firmware/BNO055_uros/bno055_uros_publisher/Core/Src) by extensions ['cmake', 'python']
[0.378s] Level 1:colcon.colcon_core.package_identification:_identify(/home/transporter/transporter_ws/firmware/BNO055_uros/bno055_uros_publisher/Core/Src) by extension 'cmake'
[0.378s] Level 1:colcon.colcon_core.package_identification:_identify(/home/transporter/transporter_ws/firmware/BNO055_uros/bno055_uros_publisher/Core/Src) by extension 'python'
[0.378s] Level 1:colcon.colcon_core.package_identification:_identify(/home/transporter/transporter_ws/firmware/BNO055_uros/bno055_uros_publisher/Core/Src) by extensions ['python_setup_py']
[0.378s] Level 1:colcon.colcon_core.package_identification:_identify(/home/transporter/transporter_ws/firmware/BNO055_uros/bno055_uros_publisher/Core/Src) by extension 'python_setup_py'
[0.378s] Level 1:colcon.colcon_core.package_identification:_identify(/home/transporter/transporter_ws/firmware/BNO055_uros/bno055_uros_publisher/Core/Src/microros_transports) by extensions ['ignore', 'ignore_ament_install']
[0.378s] Level 1:colcon.colcon_core.package_identification:_identify(/home/transporter/transporter_ws/firmware/BNO055_uros/bno055_uros_publisher/Core/Src/microros_transports) by extension 'ignore'
[0.378s] Level 1:colcon.colcon_core.package_identification:_identify(/home/transporter/transporter_ws/firmware/BNO055_uros/bno055_uros_publisher/Core/Src/microros_transports) by extension 'ignore_ament_install'
[0.378s] Level 1:colcon.colcon_core.package_identification:_identify(/home/transporter/transporter_ws/firmware/BNO055_uros/bno055_uros_publisher/Core/Src/microros_transports) by extensions ['colcon_pkg']
[0.378s] Level 1:colcon.colcon_core.package_identification:_identify(/home/transporter/transporter_ws/firmware/BNO055_uros/bno055_uros_publisher/Core/Src/microros_transports) by extension 'colcon_pkg'
[0.378s] Level 1:colcon.colcon_core.package_identification:_identify(/home/transporter/transporter_ws/firmware/BNO055_uros/bno055_uros_publisher/Core/Src/microros_transports) by extensions ['colcon_meta']
[0.378s] Level 1:colcon.colcon_core.package_identification:_identify(/home/transporter/transporter_ws/firmware/BNO055_uros/bno055_uros_publisher/Core/Src/microros_transports) by extension 'colcon_meta'
[0.378s] Level 1:colcon.colcon_core.package_identification:_identify(/home/transporter/transporter_ws/firmware/BNO055_uros/bno055_uros_publisher/Core/Src/microros_transports) by extensions ['ros']
[0.378s] Level 1:colcon.colcon_core.package_identification:_identify(/home/transporter/transporter_ws/firmware/BNO055_uros/bno055_uros_publisher/Core/Src/microros_transports) by extension 'ros'
[0.378s] Level 1:colcon.colcon_core.package_identification:_identify(/home/transporter/transporter_ws/firmware/BNO055_uros/bno055_uros_publisher/Core/Src/microros_transports) by extensions ['cmake', 'python']
[0.378s] Level 1:colcon.colcon_core.package_identification:_identify(/home/transporter/transporter_ws/firmware/BNO055_uros/bno055_uros_publisher/Core/Src/microros_transports) by extension 'cmake'
[0.378s] Level 1:colcon.colcon_core.package_identification:_identify(/home/transporter/transporter_ws/firmware/BNO055_uros/bno055_uros_publisher/Core/Src/microros_transports) by extension 'python'
[0.378s] Level 1:colcon.colcon_core.package_identification:_identify(/home/transporter/transporter_ws/firmware/BNO055_uros/bno055_uros_publisher/Core/Src/microros_transports) by extensions ['python_setup_py']
[0.378s] Level 1:colcon.colcon_core.package_identification:_identify(/home/transporter/transporter_ws/firmware/BNO055_uros/bno055_uros_publisher/Core/Src/microros_transports) by extension 'python_setup_py'
[0.378s] Level 1:colcon.colcon_core.package_identification:_identify(/home/transporter/transporter_ws/firmware/BNO055_uros/bno055_uros_publisher/Core/Startup) by extensions ['ignore', 'ignore_ament_install']
[0.378s] Level 1:colcon.colcon_core.package_identification:_identify(/home/transporter/transporter_ws/firmware/BNO055_uros/bno055_uros_publisher/Core/Startup) by extension 'ignore'
[0.378s] Level 1:colcon.colcon_core.package_identification:_identify(/home/transporter/transporter_ws/firmware/BNO055_uros/bno055_uros_publisher/Core/Startup) by extension 'ignore_ament_install'
[0.378s] Level 1:colcon.colcon_core.package_identification:_identify(/home/transporter/transporter_ws/firmware/BNO055_uros/bno055_uros_publisher/Core/Startup) by extensions ['colcon_pkg']
[0.378s] Level 1:colcon.colcon_core.package_identification:_identify(/home/transporter/transporter_ws/firmware/BNO055_uros/bno055_uros_publisher/Core/Startup) by extension 'colcon_pkg'
[0.378s] Level 1:colcon.colcon_core.package_identification:_identify(/home/transporter/transporter_ws/firmware/BNO055_uros/bno055_uros_publisher/Core/Startup) by extensions ['colcon_meta']
[0.378s] Level 1:colcon.colcon_core.package_identification:_identify(/home/transporter/transporter_ws/firmware/BNO055_uros/bno055_uros_publisher/Core/Startup) by extension 'colcon_meta'
[0.378s] Level 1:colcon.colcon_core.package_identification:_identify(/home/transporter/transporter_ws/firmware/BNO055_uros/bno055_uros_publisher/Core/Startup) by extensions ['ros']
[0.378s] Level 1:colcon.colcon_core.package_identification:_identify(/home/transporter/transporter_ws/firmware/BNO055_uros/bno055_uros_publisher/Core/Startup) by extension 'ros'
[0.378s] Level 1:colcon.colcon_core.package_identification:_identify(/home/transporter/transporter_ws/firmware/BNO055_uros/bno055_uros_publisher/Core/Startup) by extensions ['cmake', 'python']
[0.378s] Level 1:colcon.colcon_core.package_identification:_identify(/home/transporter/transporter_ws/firmware/BNO055_uros/bno055_uros_publisher/Core/Startup) by extension 'cmake'
[0.378s] Level 1:colcon.colcon_core.package_identification:_identify(/home/transporter/transporter_ws/firmware/BNO055_uros/bno055_uros_publisher/Core/Startup) by extension 'python'
[0.378s] Level 1:colcon.colcon_core.package_identification:_identify(/home/transporter/transporter_ws/firmware/BNO055_uros/bno055_uros_publisher/Core/Startup) by extensions ['python_setup_py']
[0.378s] Level 1:colcon.colcon_core.package_identification:_identify(/home/transporter/transporter_ws/firmware/BNO055_uros/bno055_uros_publisher/Core/Startup) by extension 'python_setup_py'
[0.378s] Level 1:colcon.colcon_core.package_identification:_identify(/home/transporter/transporter_ws/firmware/BNO055_uros/bno055_uros_publisher/Debug) by extensions ['ignore', 'ignore_ament_install']
[0.379s] Level 1:colcon.colcon_core.package_identification:_identify(/home/transporter/transporter_ws/firmware/BNO055_uros/bno055_uros_publisher/Debug) by extension 'ignore'
[0.379s] Level 1:colcon.colcon_core.package_identification:_identify(/home/transporter/transporter_ws/firmware/BNO055_uros/bno055_uros_publisher/Debug) by extension 'ignore_ament_install'
[0.379s] Level 1:colcon.colcon_core.package_identification:_identify(/home/transporter/transporter_ws/firmware/BNO055_uros/bno055_uros_publisher/Debug) by extensions ['colcon_pkg']
[0.379s] Level 1:colcon.colcon_core.package_identification:_identify(/home/transporter/transporter_ws/firmware/BNO055_uros/bno055_uros_publisher/Debug) by extension 'colcon_pkg'
[0.379s] Level 1:colcon.colcon_core.package_identification:_identify(/home/transporter/transporter_ws/firmware/BNO055_uros/bno055_uros_publisher/Debug) by extensions ['colcon_meta']
[0.379s] Level 1:colcon.colcon_core.package_identification:_identify(/home/transporter/transporter_ws/firmware/BNO055_uros/bno055_uros_publisher/Debug) by extension 'colcon_meta'
[0.379s] Level 1:colcon.colcon_core.package_identification:_identify(/home/transporter/transporter_ws/firmware/BNO055_uros/bno055_uros_publisher/Debug) by extensions ['ros']
[0.379s] Level 1:colcon.colcon_core.package_identification:_identify(/home/transporter/transporter_ws/firmware/BNO055_uros/bno055_uros_publisher/Debug) by extension 'ros'
[0.379s] Level 1:colcon.colcon_core.package_identification:_identify(/home/transporter/transporter_ws/firmware/BNO055_uros/bno055_uros_publisher/Debug) by extensions ['cmake', 'python']
[0.379s] Level 1:colcon.colcon_core.package_identification:_identify(/home/transporter/transporter_ws/firmware/BNO055_uros/bno055_uros_publisher/Debug) by extension 'cmake'
[0.379s] Level 1:colcon.colcon_core.package_identification:_identify(/home/transporter/transporter_ws/firmware/BNO055_uros/bno055_uros_publisher/Debug) by extension 'python'
[0.379s] Level 1:colcon.colcon_core.package_identification:_identify(/home/transporter/transporter_ws/firmware/BNO055_uros/bno055_uros_publisher/Debug) by extensions ['python_setup_py']
[0.379s] Level 1:colcon.colcon_core.package_identification:_identify(/home/transporter/transporter_ws/firmware/BNO055_uros/bno055_uros_publisher/Debug) by extension 'python_setup_py'
[0.379s] Level 1:colcon.colcon_core.package_identification:_identify(/home/transporter/transporter_ws/firmware/BNO055_uros/bno055_uros_publisher/Debug/Core) by extensions ['ignore', 'ignore_ament_install']
[0.379s] Level 1:colcon.colcon_core.package_identification:_identify(/home/transporter/transporter_ws/firmware/BNO055_uros/bno055_uros_publisher/Debug/Core) by extension 'ignore'
[0.379s] Level 1:colcon.colcon_core.package_identification:_identify(/home/transporter/transporter_ws/firmware/BNO055_uros/bno055_uros_publisher/Debug/Core) by extension 'ignore_ament_install'
[0.379s] Level 1:colcon.colcon_core.package_identification:_identify(/home/transporter/transporter_ws/firmware/BNO055_uros/bno055_uros_publisher/Debug/Core) by extensions ['colcon_pkg']
[0.379s] Level 1:colcon.colcon_core.package_identification:_identify(/home/transporter/transporter_ws/firmware/BNO055_uros/bno055_uros_publisher/Debug/Core) by extension 'colcon_pkg'
[0.379s] Level 1:colcon.colcon_core.package_identification:_identify(/home/transporter/transporter_ws/firmware/BNO055_uros/bno055_uros_publisher/Debug/Core) by extensions ['colcon_meta']
[0.379s] Level 1:colcon.colcon_core.package_identification:_identify(/home/transporter/transporter_ws/firmware/BNO055_uros/bno055_uros_publisher/Debug/Core) by extension 'colcon_meta'
[0.379s] Level 1:colcon.colcon_core.package_identification:_identify(/home/transporter/transporter_ws/firmware/BNO055_uros/bno055_uros_publisher/Debug/Core) by extensions ['ros']
[0.379s] Level 1:colcon.colcon_core.package_identification:_identify(/home/transporter/transporter_ws/firmware/BNO055_uros/bno055_uros_publisher/Debug/Core) by extension 'ros'
[0.379s] Level 1:colcon.colcon_core.package_identification:_identify(/home/transporter/transporter_ws/firmware/BNO055_uros/bno055_uros_publisher/Debug/Core) by extensions ['cmake', 'python']
[0.379s] Level 1:colcon.colcon_core.package_identification:_identify(/home/transporter/transporter_ws/firmware/BNO055_uros/bno055_uros_publisher/Debug/Core) by extension 'cmake'
[0.379s] Level 1:colcon.colcon_core.package_identification:_identify(/home/transporter/transporter_ws/firmware/BNO055_uros/bno055_uros_publisher/Debug/Core) by extension 'python'
[0.379s] Level 1:colcon.colcon_core.package_identification:_identify(/home/transporter/transporter_ws/firmware/BNO055_uros/bno055_uros_publisher/Debug/Core) by extensions ['python_setup_py']
[0.379s] Level 1:colcon.colcon_core.package_identification:_identify(/home/transporter/transporter_ws/firmware/BNO055_uros/bno055_uros_publisher/Debug/Core) by extension 'python_setup_py'
[0.379s] Level 1:colcon.colcon_core.package_identification:_identify(/home/transporter/transporter_ws/firmware/BNO055_uros/bno055_uros_publisher/Debug/Core/Src) by extensions ['ignore', 'ignore_ament_install']
[0.379s] Level 1:colcon.colcon_core.package_identification:_identify(/home/transporter/transporter_ws/firmware/BNO055_uros/bno055_uros_publisher/Debug/Core/Src) by extension 'ignore'
[0.379s] Level 1:colcon.colcon_core.package_identification:_identify(/home/transporter/transporter_ws/firmware/BNO055_uros/bno055_uros_publisher/Debug/Core/Src) by extension 'ignore_ament_install'
[0.379s] Level 1:colcon.colcon_core.package_identification:_identify(/home/transporter/transporter_ws/firmware/BNO055_uros/bno055_uros_publisher/Debug/Core/Src) by extensions ['colcon_pkg']
[0.379s] Level 1:colcon.colcon_core.package_identification:_identify(/home/transporter/transporter_ws/firmware/BNO055_uros/bno055_uros_publisher/Debug/Core/Src) by extension 'colcon_pkg'
[0.379s] Level 1:colcon.colcon_core.package_identification:_identify(/home/transporter/transporter_ws/firmware/BNO055_uros/bno055_uros_publisher/Debug/Core/Src) by extensions ['colcon_meta']
[0.379s] Level 1:colcon.colcon_core.package_identification:_identify(/home/transporter/transporter_ws/firmware/BNO055_uros/bno055_uros_publisher/Debug/Core/Src) by extension 'colcon_meta'
[0.379s] Level 1:colcon.colcon_core.package_identification:_identify(/home/transporter/transporter_ws/firmware/BNO055_uros/bno055_uros_publisher/Debug/Core/Src) by extensions ['ros']
[0.379s] Level 1:colcon.colcon_core.package_identification:_identify(/home/transporter/transporter_ws/firmware/BNO055_uros/bno055_uros_publisher/Debug/Core/Src) by extension 'ros'
[0.380s] Level 1:colcon.colcon_core.package_identification:_identify(/home/transporter/transporter_ws/firmware/BNO055_uros/bno055_uros_publisher/Debug/Core/Src) by extensions ['cmake', 'python']
[0.380s] Level 1:colcon.colcon_core.package_identification:_identify(/home/transporter/transporter_ws/firmware/BNO055_uros/bno055_uros_publisher/Debug/Core/Src) by extension 'cmake'
[0.380s] Level 1:colcon.colcon_core.package_identification:_identify(/home/transporter/transporter_ws/firmware/BNO055_uros/bno055_uros_publisher/Debug/Core/Src) by extension 'python'
[0.380s] Level 1:colcon.colcon_core.package_identification:_identify(/home/transporter/transporter_ws/firmware/BNO055_uros/bno055_uros_publisher/Debug/Core/Src) by extensions ['python_setup_py']
[0.380s] Level 1:colcon.colcon_core.package_identification:_identify(/home/transporter/transporter_ws/firmware/BNO055_uros/bno055_uros_publisher/Debug/Core/Src) by extension 'python_setup_py'
[0.380s] Level 1:colcon.colcon_core.package_identification:_identify(/home/transporter/transporter_ws/firmware/BNO055_uros/bno055_uros_publisher/Debug/Core/Src/microros_transports) by extensions ['ignore', 'ignore_ament_install']
[0.380s] Level 1:colcon.colcon_core.package_identification:_identify(/home/transporter/transporter_ws/firmware/BNO055_uros/bno055_uros_publisher/Debug/Core/Src/microros_transports) by extension 'ignore'
[0.380s] Level 1:colcon.colcon_core.package_identification:_identify(/home/transporter/transporter_ws/firmware/BNO055_uros/bno055_uros_publisher/Debug/Core/Src/microros_transports) by extension 'ignore_ament_install'
[0.380s] Level 1:colcon.colcon_core.package_identification:_identify(/home/transporter/transporter_ws/firmware/BNO055_uros/bno055_uros_publisher/Debug/Core/Src/microros_transports) by extensions ['colcon_pkg']
[0.380s] Level 1:colcon.colcon_core.package_identification:_identify(/home/transporter/transporter_ws/firmware/BNO055_uros/bno055_uros_publisher/Debug/Core/Src/microros_transports) by extension 'colcon_pkg'
[0.380s] Level 1:colcon.colcon_core.package_identification:_identify(/home/transporter/transporter_ws/firmware/BNO055_uros/bno055_uros_publisher/Debug/Core/Src/microros_transports) by extensions ['colcon_meta']
[0.380s] Level 1:colcon.colcon_core.package_identification:_identify(/home/transporter/transporter_ws/firmware/BNO055_uros/bno055_uros_publisher/Debug/Core/Src/microros_transports) by extension 'colcon_meta'
[0.380s] Level 1:colcon.colcon_core.package_identification:_identify(/home/transporter/transporter_ws/firmware/BNO055_uros/bno055_uros_publisher/Debug/Core/Src/microros_transports) by extensions ['ros']
[0.380s] Level 1:colcon.colcon_core.package_identification:_identify(/home/transporter/transporter_ws/firmware/BNO055_uros/bno055_uros_publisher/Debug/Core/Src/microros_transports) by extension 'ros'
[0.380s] Level 1:colcon.colcon_core.package_identification:_identify(/home/transporter/transporter_ws/firmware/BNO055_uros/bno055_uros_publisher/Debug/Core/Src/microros_transports) by extensions ['cmake', 'python']
[0.380s] Level 1:colcon.colcon_core.package_identification:_identify(/home/transporter/transporter_ws/firmware/BNO055_uros/bno055_uros_publisher/Debug/Core/Src/microros_transports) by extension 'cmake'
[0.380s] Level 1:colcon.colcon_core.package_identification:_identify(/home/transporter/transporter_ws/firmware/BNO055_uros/bno055_uros_publisher/Debug/Core/Src/microros_transports) by extension 'python'
[0.380s] Level 1:colcon.colcon_core.package_identification:_identify(/home/transporter/transporter_ws/firmware/BNO055_uros/bno055_uros_publisher/Debug/Core/Src/microros_transports) by extensions ['python_setup_py']
[0.380s] Level 1:colcon.colcon_core.package_identification:_identify(/home/transporter/transporter_ws/firmware/BNO055_uros/bno055_uros_publisher/Debug/Core/Src/microros_transports) by extension 'python_setup_py'
[0.380s] Level 1:colcon.colcon_core.package_identification:_identify(/home/transporter/transporter_ws/firmware/BNO055_uros/bno055_uros_publisher/Debug/Core/Startup) by extensions ['ignore', 'ignore_ament_install']
[0.380s] Level 1:colcon.colcon_core.package_identification:_identify(/home/transporter/transporter_ws/firmware/BNO055_uros/bno055_uros_publisher/Debug/Core/Startup) by extension 'ignore'
[0.380s] Level 1:colcon.colcon_core.package_identification:_identify(/home/transporter/transporter_ws/firmware/BNO055_uros/bno055_uros_publisher/Debug/Core/Startup) by extension 'ignore_ament_install'
[0.380s] Level 1:colcon.colcon_core.package_identification:_identify(/home/transporter/transporter_ws/firmware/BNO055_uros/bno055_uros_publisher/Debug/Core/Startup) by extensions ['colcon_pkg']
[0.380s] Level 1:colcon.colcon_core.package_identification:_identify(/home/transporter/transporter_ws/firmware/BNO055_uros/bno055_uros_publisher/Debug/Core/Startup) by extension 'colcon_pkg'
[0.380s] Level 1:colcon.colcon_core.package_identification:_identify(/home/transporter/transporter_ws/firmware/BNO055_uros/bno055_uros_publisher/Debug/Core/Startup) by extensions ['colcon_meta']
[0.380s] Level 1:colcon.colcon_core.package_identification:_identify(/home/transporter/transporter_ws/firmware/BNO055_uros/bno055_uros_publisher/Debug/Core/Startup) by extension 'colcon_meta'
[0.380s] Level 1:colcon.colcon_core.package_identification:_identify(/home/transporter/transporter_ws/firmware/BNO055_uros/bno055_uros_publisher/Debug/Core/Startup) by extensions ['ros']
[0.380s] Level 1:colcon.colcon_core.package_identification:_identify(/home/transporter/transporter_ws/firmware/BNO055_uros/bno055_uros_publisher/Debug/Core/Startup) by extension 'ros'
[0.380s] Level 1:colcon.colcon_core.package_identification:_identify(/home/transporter/transporter_ws/firmware/BNO055_uros/bno055_uros_publisher/Debug/Core/Startup) by extensions ['cmake', 'python']
[0.380s] Level 1:colcon.colcon_core.package_identification:_identify(/home/transporter/transporter_ws/firmware/BNO055_uros/bno055_uros_publisher/Debug/Core/Startup) by extension 'cmake'
[0.380s] Level 1:colcon.colcon_core.package_identification:_identify(/home/transporter/transporter_ws/firmware/BNO055_uros/bno055_uros_publisher/Debug/Core/Startup) by extension 'python'
[0.380s] Level 1:colcon.colcon_core.package_identification:_identify(/home/transporter/transporter_ws/firmware/BNO055_uros/bno055_uros_publisher/Debug/Core/Startup) by extensions ['python_setup_py']
[0.380s] Level 1:colcon.colcon_core.package_identification:_identify(/home/transporter/transporter_ws/firmware/BNO055_uros/bno055_uros_publisher/Debug/Core/Startup) by extension 'python_setup_py'
[0.380s] Level 1:colcon.colcon_core.package_identification:_identify(/home/transporter/transporter_ws/firmware/BNO055_uros/bno055_uros_publisher/Debug/Drivers) by extensions ['ignore', 'ignore_ament_install']
[0.380s] Level 1:colcon.colcon_core.package_identification:_identify(/home/transporter/transporter_ws/firmware/BNO055_uros/bno055_uros_publisher/Debug/Drivers) by extension 'ignore'
[0.380s] Level 1:colcon.colcon_core.package_identification:_identify(/home/transporter/transporter_ws/firmware/BNO055_uros/bno055_uros_publisher/Debug/Drivers) by extension 'ignore_ament_install'
[0.380s] Level 1:colcon.colcon_core.package_identification:_identify(/home/transporter/transporter_ws/firmware/BNO055_uros/bno055_uros_publisher/Debug/Drivers) by extensions ['colcon_pkg']
[0.381s] Level 1:colcon.colcon_core.package_identification:_identify(/home/transporter/transporter_ws/firmware/BNO055_uros/bno055_uros_publisher/Debug/Drivers) by extension 'colcon_pkg'
[0.381s] Level 1:colcon.colcon_core.package_identification:_identify(/home/transporter/transporter_ws/firmware/BNO055_uros/bno055_uros_publisher/Debug/Drivers) by extensions ['colcon_meta']
[0.381s] Level 1:colcon.colcon_core.package_identification:_identify(/home/transporter/transporter_ws/firmware/BNO055_uros/bno055_uros_publisher/Debug/Drivers) by extension 'colcon_meta'
[0.381s] Level 1:colcon.colcon_core.package_identification:_identify(/home/transporter/transporter_ws/firmware/BNO055_uros/bno055_uros_publisher/Debug/Drivers) by extensions ['ros']
[0.381s] Level 1:colcon.colcon_core.package_identification:_identify(/home/transporter/transporter_ws/firmware/BNO055_uros/bno055_uros_publisher/Debug/Drivers) by extension 'ros'
[0.381s] Level 1:colcon.colcon_core.package_identification:_identify(/home/transporter/transporter_ws/firmware/BNO055_uros/bno055_uros_publisher/Debug/Drivers) by extensions ['cmake', 'python']
[0.381s] Level 1:colcon.colcon_core.package_identification:_identify(/home/transporter/transporter_ws/firmware/BNO055_uros/bno055_uros_publisher/Debug/Drivers) by extension 'cmake'
[0.381s] Level 1:colcon.colcon_core.package_identification:_identify(/home/transporter/transporter_ws/firmware/BNO055_uros/bno055_uros_publisher/Debug/Drivers) by extension 'python'
[0.381s] Level 1:colcon.colcon_core.package_identification:_identify(/home/transporter/transporter_ws/firmware/BNO055_uros/bno055_uros_publisher/Debug/Drivers) by extensions ['python_setup_py']
[0.381s] Level 1:colcon.colcon_core.package_identification:_identify(/home/transporter/transporter_ws/firmware/BNO055_uros/bno055_uros_publisher/Debug/Drivers) by extension 'python_setup_py'
[0.381s] Level 1:colcon.colcon_core.package_identification:_identify(/home/transporter/transporter_ws/firmware/BNO055_uros/bno055_uros_publisher/Debug/Drivers/STM32G4xx_HAL_Driver) by extensions ['ignore', 'ignore_ament_install']
[0.381s] Level 1:colcon.colcon_core.package_identification:_identify(/home/transporter/transporter_ws/firmware/BNO055_uros/bno055_uros_publisher/Debug/Drivers/STM32G4xx_HAL_Driver) by extension 'ignore'
[0.381s] Level 1:colcon.colcon_core.package_identification:_identify(/home/transporter/transporter_ws/firmware/BNO055_uros/bno055_uros_publisher/Debug/Drivers/STM32G4xx_HAL_Driver) by extension 'ignore_ament_install'
[0.381s] Level 1:colcon.colcon_core.package_identification:_identify(/home/transporter/transporter_ws/firmware/BNO055_uros/bno055_uros_publisher/Debug/Drivers/STM32G4xx_HAL_Driver) by extensions ['colcon_pkg']
[0.381s] Level 1:colcon.colcon_core.package_identification:_identify(/home/transporter/transporter_ws/firmware/BNO055_uros/bno055_uros_publisher/Debug/Drivers/STM32G4xx_HAL_Driver) by extension 'colcon_pkg'
[0.381s] Level 1:colcon.colcon_core.package_identification:_identify(/home/transporter/transporter_ws/firmware/BNO055_uros/bno055_uros_publisher/Debug/Drivers/STM32G4xx_HAL_Driver) by extensions ['colcon_meta']
[0.381s] Level 1:colcon.colcon_core.package_identification:_identify(/home/transporter/transporter_ws/firmware/BNO055_uros/bno055_uros_publisher/Debug/Drivers/STM32G4xx_HAL_Driver) by extension 'colcon_meta'
[0.381s] Level 1:colcon.colcon_core.package_identification:_identify(/home/transporter/transporter_ws/firmware/BNO055_uros/bno055_uros_publisher/Debug/Drivers/STM32G4xx_HAL_Driver) by extensions ['ros']
[0.381s] Level 1:colcon.colcon_core.package_identification:_identify(/home/transporter/transporter_ws/firmware/BNO055_uros/bno055_uros_publisher/Debug/Drivers/STM32G4xx_HAL_Driver) by extension 'ros'
[0.381s] Level 1:colcon.colcon_core.package_identification:_identify(/home/transporter/transporter_ws/firmware/BNO055_uros/bno055_uros_publisher/Debug/Drivers/STM32G4xx_HAL_Driver) by extensions ['cmake', 'python']
[0.381s] Level 1:colcon.colcon_core.package_identification:_identify(/home/transporter/transporter_ws/firmware/BNO055_uros/bno055_uros_publisher/Debug/Drivers/STM32G4xx_HAL_Driver) by extension 'cmake'
[0.381s] Level 1:colcon.colcon_core.package_identification:_identify(/home/transporter/transporter_ws/firmware/BNO055_uros/bno055_uros_publisher/Debug/Drivers/STM32G4xx_HAL_Driver) by extension 'python'
[0.381s] Level 1:colcon.colcon_core.package_identification:_identify(/home/transporter/transporter_ws/firmware/BNO055_uros/bno055_uros_publisher/Debug/Drivers/STM32G4xx_HAL_Driver) by extensions ['python_setup_py']
[0.381s] Level 1:colcon.colcon_core.package_identification:_identify(/home/transporter/transporter_ws/firmware/BNO055_uros/bno055_uros_publisher/Debug/Drivers/STM32G4xx_HAL_Driver) by extension 'python_setup_py'
[0.381s] Level 1:colcon.colcon_core.package_identification:_identify(/home/transporter/transporter_ws/firmware/BNO055_uros/bno055_uros_publisher/Debug/Drivers/STM32G4xx_HAL_Driver/Src) by extensions ['ignore', 'ignore_ament_install']
[0.381s] Level 1:colcon.colcon_core.package_identification:_identify(/home/transporter/transporter_ws/firmware/BNO055_uros/bno055_uros_publisher/Debug/Drivers/STM32G4xx_HAL_Driver/Src) by extension 'ignore'
[0.381s] Level 1:colcon.colcon_core.package_identification:_identify(/home/transporter/transporter_ws/firmware/BNO055_uros/bno055_uros_publisher/Debug/Drivers/STM32G4xx_HAL_Driver/Src) by extension 'ignore_ament_install'
[0.381s] Level 1:colcon.colcon_core.package_identification:_identify(/home/transporter/transporter_ws/firmware/BNO055_uros/bno055_uros_publisher/Debug/Drivers/STM32G4xx_HAL_Driver/Src) by extensions ['colcon_pkg']
[0.381s] Level 1:colcon.colcon_core.package_identification:_identify(/home/transporter/transporter_ws/firmware/BNO055_uros/bno055_uros_publisher/Debug/Drivers/STM32G4xx_HAL_Driver/Src) by extension 'colcon_pkg'
[0.381s] Level 1:colcon.colcon_core.package_identification:_identify(/home/transporter/transporter_ws/firmware/BNO055_uros/bno055_uros_publisher/Debug/Drivers/STM32G4xx_HAL_Driver/Src) by extensions ['colcon_meta']
[0.381s] Level 1:colcon.colcon_core.package_identification:_identify(/home/transporter/transporter_ws/firmware/BNO055_uros/bno055_uros_publisher/Debug/Drivers/STM32G4xx_HAL_Driver/Src) by extension 'colcon_meta'
[0.381s] Level 1:colcon.colcon_core.package_identification:_identify(/home/transporter/transporter_ws/firmware/BNO055_uros/bno055_uros_publisher/Debug/Drivers/STM32G4xx_HAL_Driver/Src) by extensions ['ros']
[0.381s] Level 1:colcon.colcon_core.package_identification:_identify(/home/transporter/transporter_ws/firmware/BNO055_uros/bno055_uros_publisher/Debug/Drivers/STM32G4xx_HAL_Driver/Src) by extension 'ros'
[0.381s] Level 1:colcon.colcon_core.package_identification:_identify(/home/transporter/transporter_ws/firmware/BNO055_uros/bno055_uros_publisher/Debug/Drivers/STM32G4xx_HAL_Driver/Src) by extensions ['cmake', 'python']
[0.381s] Level 1:colcon.colcon_core.package_identification:_identify(/home/transporter/transporter_ws/firmware/BNO055_uros/bno055_uros_publisher/Debug/Drivers/STM32G4xx_HAL_Driver/Src) by extension 'cmake'
[0.381s] Level 1:colcon.colcon_core.package_identification:_identify(/home/transporter/transporter_ws/firmware/BNO055_uros/bno055_uros_publisher/Debug/Drivers/STM32G4xx_HAL_Driver/Src) by extension 'python'
[0.381s] Level 1:colcon.colcon_core.package_identification:_identify(/home/transporter/transporter_ws/firmware/BNO055_uros/bno055_uros_publisher/Debug/Drivers/STM32G4xx_HAL_Driver/Src) by extensions ['python_setup_py']
[0.381s] Level 1:colcon.colcon_core.package_identification:_identify(/home/transporter/transporter_ws/firmware/BNO055_uros/bno055_uros_publisher/Debug/Drivers/STM32G4xx_HAL_Driver/Src) by extension 'python_setup_py'
[0.382s] Level 1:colcon.colcon_core.package_identification:_identify(/home/transporter/transporter_ws/firmware/BNO055_uros/bno055_uros_publisher/Debug/Middlewares) by extensions ['ignore', 'ignore_ament_install']
[0.382s] Level 1:colcon.colcon_core.package_identification:_identify(/home/transporter/transporter_ws/firmware/BNO055_uros/bno055_uros_publisher/Debug/Middlewares) by extension 'ignore'
[0.382s] Level 1:colcon.colcon_core.package_identification:_identify(/home/transporter/transporter_ws/firmware/BNO055_uros/bno055_uros_publisher/Debug/Middlewares) by extension 'ignore_ament_install'
[0.382s] Level 1:colcon.colcon_core.package_identification:_identify(/home/transporter/transporter_ws/firmware/BNO055_uros/bno055_uros_publisher/Debug/Middlewares) by extensions ['colcon_pkg']
[0.382s] Level 1:colcon.colcon_core.package_identification:_identify(/home/transporter/transporter_ws/firmware/BNO055_uros/bno055_uros_publisher/Debug/Middlewares) by extension 'colcon_pkg'
[0.382s] Level 1:colcon.colcon_core.package_identification:_identify(/home/transporter/transporter_ws/firmware/BNO055_uros/bno055_uros_publisher/Debug/Middlewares) by extensions ['colcon_meta']
[0.382s] Level 1:colcon.colcon_core.package_identification:_identify(/home/transporter/transporter_ws/firmware/BNO055_uros/bno055_uros_publisher/Debug/Middlewares) by extension 'colcon_meta'
[0.382s] Level 1:colcon.colcon_core.package_identification:_identify(/home/transporter/transporter_ws/firmware/BNO055_uros/bno055_uros_publisher/Debug/Middlewares) by extensions ['ros']
[0.382s] Level 1:colcon.colcon_core.package_identification:_identify(/home/transporter/transporter_ws/firmware/BNO055_uros/bno055_uros_publisher/Debug/Middlewares) by extension 'ros'
[0.382s] Level 1:colcon.colcon_core.package_identification:_identify(/home/transporter/transporter_ws/firmware/BNO055_uros/bno055_uros_publisher/Debug/Middlewares) by extensions ['cmake', 'python']
[0.382s] Level 1:colcon.colcon_core.package_identification:_identify(/home/transporter/transporter_ws/firmware/BNO055_uros/bno055_uros_publisher/Debug/Middlewares) by extension 'cmake'
[0.382s] Level 1:colcon.colcon_core.package_identification:_identify(/home/transporter/transporter_ws/firmware/BNO055_uros/bno055_uros_publisher/Debug/Middlewares) by extension 'python'
[0.382s] Level 1:colcon.colcon_core.package_identification:_identify(/home/transporter/transporter_ws/firmware/BNO055_uros/bno055_uros_publisher/Debug/Middlewares) by extensions ['python_setup_py']
[0.382s] Level 1:colcon.colcon_core.package_identification:_identify(/home/transporter/transporter_ws/firmware/BNO055_uros/bno055_uros_publisher/Debug/Middlewares) by extension 'python_setup_py'
[0.382s] Level 1:colcon.colcon_core.package_identification:_identify(/home/transporter/transporter_ws/firmware/BNO055_uros/bno055_uros_publisher/Debug/Middlewares/Third_Party) by extensions ['ignore', 'ignore_ament_install']
[0.382s] Level 1:colcon.colcon_core.package_identification:_identify(/home/transporter/transporter_ws/firmware/BNO055_uros/bno055_uros_publisher/Debug/Middlewares/Third_Party) by extension 'ignore'
[0.382s] Level 1:colcon.colcon_core.package_identification:_identify(/home/transporter/transporter_ws/firmware/BNO055_uros/bno055_uros_publisher/Debug/Middlewares/Third_Party) by extension 'ignore_ament_install'
[0.382s] Level 1:colcon.colcon_core.package_identification:_identify(/home/transporter/transporter_ws/firmware/BNO055_uros/bno055_uros_publisher/Debug/Middlewares/Third_Party) by extensions ['colcon_pkg']
[0.382s] Level 1:colcon.colcon_core.package_identification:_identify(/home/transporter/transporter_ws/firmware/BNO055_uros/bno055_uros_publisher/Debug/Middlewares/Third_Party) by extension 'colcon_pkg'
[0.382s] Level 1:colcon.colcon_core.package_identification:_identify(/home/transporter/transporter_ws/firmware/BNO055_uros/bno055_uros_publisher/Debug/Middlewares/Third_Party) by extensions ['colcon_meta']
[0.382s] Level 1:colcon.colcon_core.package_identification:_identify(/home/transporter/transporter_ws/firmware/BNO055_uros/bno055_uros_publisher/Debug/Middlewares/Third_Party) by extension 'colcon_meta'
[0.382s] Level 1:colcon.colcon_core.package_identification:_identify(/home/transporter/transporter_ws/firmware/BNO055_uros/bno055_uros_publisher/Debug/Middlewares/Third_Party) by extensions ['ros']
[0.382s] Level 1:colcon.colcon_core.package_identification:_identify(/home/transporter/transporter_ws/firmware/BNO055_uros/bno055_uros_publisher/Debug/Middlewares/Third_Party) by extension 'ros'
[0.382s] Level 1:colcon.colcon_core.package_identification:_identify(/home/transporter/transporter_ws/firmware/BNO055_uros/bno055_uros_publisher/Debug/Middlewares/Third_Party) by extensions ['cmake', 'python']
[0.382s] Level 1:colcon.colcon_core.package_identification:_identify(/home/transporter/transporter_ws/firmware/BNO055_uros/bno055_uros_publisher/Debug/Middlewares/Third_Party) by extension 'cmake'
[0.382s] Level 1:colcon.colcon_core.package_identification:_identify(/home/transporter/transporter_ws/firmware/BNO055_uros/bno055_uros_publisher/Debug/Middlewares/Third_Party) by extension 'python'
[0.382s] Level 1:colcon.colcon_core.package_identification:_identify(/home/transporter/transporter_ws/firmware/BNO055_uros/bno055_uros_publisher/Debug/Middlewares/Third_Party) by extensions ['python_setup_py']
[0.382s] Level 1:colcon.colcon_core.package_identification:_identify(/home/transporter/transporter_ws/firmware/BNO055_uros/bno055_uros_publisher/Debug/Middlewares/Third_Party) by extension 'python_setup_py'
[0.382s] Level 1:colcon.colcon_core.package_identification:_identify(/home/transporter/transporter_ws/firmware/BNO055_uros/bno055_uros_publisher/Debug/Middlewares/Third_Party/FreeRTOS) by extensions ['ignore', 'ignore_ament_install']
[0.382s] Level 1:colcon.colcon_core.package_identification:_identify(/home/transporter/transporter_ws/firmware/BNO055_uros/bno055_uros_publisher/Debug/Middlewares/Third_Party/FreeRTOS) by extension 'ignore'
[0.382s] Level 1:colcon.colcon_core.package_identification:_identify(/home/transporter/transporter_ws/firmware/BNO055_uros/bno055_uros_publisher/Debug/Middlewares/Third_Party/FreeRTOS) by extension 'ignore_ament_install'
[0.382s] Level 1:colcon.colcon_core.package_identification:_identify(/home/transporter/transporter_ws/firmware/BNO055_uros/bno055_uros_publisher/Debug/Middlewares/Third_Party/FreeRTOS) by extensions ['colcon_pkg']
[0.382s] Level 1:colcon.colcon_core.package_identification:_identify(/home/transporter/transporter_ws/firmware/BNO055_uros/bno055_uros_publisher/Debug/Middlewares/Third_Party/FreeRTOS) by extension 'colcon_pkg'
[0.382s] Level 1:colcon.colcon_core.package_identification:_identify(/home/transporter/transporter_ws/firmware/BNO055_uros/bno055_uros_publisher/Debug/Middlewares/Third_Party/FreeRTOS) by extensions ['colcon_meta']
[0.382s] Level 1:colcon.colcon_core.package_identification:_identify(/home/transporter/transporter_ws/firmware/BNO055_uros/bno055_uros_publisher/Debug/Middlewares/Third_Party/FreeRTOS) by extension 'colcon_meta'
[0.382s] Level 1:colcon.colcon_core.package_identification:_identify(/home/transporter/transporter_ws/firmware/BNO055_uros/bno055_uros_publisher/Debug/Middlewares/Third_Party/FreeRTOS) by extensions ['ros']
[0.383s] Level 1:colcon.colcon_core.package_identification:_identify(/home/transporter/transporter_ws/firmware/BNO055_uros/bno055_uros_publisher/Debug/Middlewares/Third_Party/FreeRTOS) by extension 'ros'
[0.383s] Level 1:colcon.colcon_core.package_identification:_identify(/home/transporter/transporter_ws/firmware/BNO055_uros/bno055_uros_publisher/Debug/Middlewares/Third_Party/FreeRTOS) by extensions ['cmake', 'python']
[0.383s] Level 1:colcon.colcon_core.package_identification:_identify(/home/transporter/transporter_ws/firmware/BNO055_uros/bno055_uros_publisher/Debug/Middlewares/Third_Party/FreeRTOS) by extension 'cmake'
[0.383s] Level 1:colcon.colcon_core.package_identification:_identify(/home/transporter/transporter_ws/firmware/BNO055_uros/bno055_uros_publisher/Debug/Middlewares/Third_Party/FreeRTOS) by extension 'python'
[0.383s] Level 1:colcon.colcon_core.package_identification:_identify(/home/transporter/transporter_ws/firmware/BNO055_uros/bno055_uros_publisher/Debug/Middlewares/Third_Party/FreeRTOS) by extensions ['python_setup_py']
[0.383s] Level 1:colcon.colcon_core.package_identification:_identify(/home/transporter/transporter_ws/firmware/BNO055_uros/bno055_uros_publisher/Debug/Middlewares/Third_Party/FreeRTOS) by extension 'python_setup_py'
[0.383s] Level 1:colcon.colcon_core.package_identification:_identify(/home/transporter/transporter_ws/firmware/BNO055_uros/bno055_uros_publisher/Debug/Middlewares/Third_Party/FreeRTOS/Source) by extensions ['ignore', 'ignore_ament_install']
[0.383s] Level 1:colcon.colcon_core.package_identification:_identify(/home/transporter/transporter_ws/firmware/BNO055_uros/bno055_uros_publisher/Debug/Middlewares/Third_Party/FreeRTOS/Source) by extension 'ignore'
[0.383s] Level 1:colcon.colcon_core.package_identification:_identify(/home/transporter/transporter_ws/firmware/BNO055_uros/bno055_uros_publisher/Debug/Middlewares/Third_Party/FreeRTOS/Source) by extension 'ignore_ament_install'
[0.383s] Level 1:colcon.colcon_core.package_identification:_identify(/home/transporter/transporter_ws/firmware/BNO055_uros/bno055_uros_publisher/Debug/Middlewares/Third_Party/FreeRTOS/Source) by extensions ['colcon_pkg']
[0.383s] Level 1:colcon.colcon_core.package_identification:_identify(/home/transporter/transporter_ws/firmware/BNO055_uros/bno055_uros_publisher/Debug/Middlewares/Third_Party/FreeRTOS/Source) by extension 'colcon_pkg'
[0.383s] Level 1:colcon.colcon_core.package_identification:_identify(/home/transporter/transporter_ws/firmware/BNO055_uros/bno055_uros_publisher/Debug/Middlewares/Third_Party/FreeRTOS/Source) by extensions ['colcon_meta']
[0.383s] Level 1:colcon.colcon_core.package_identification:_identify(/home/transporter/transporter_ws/firmware/BNO055_uros/bno055_uros_publisher/Debug/Middlewares/Third_Party/FreeRTOS/Source) by extension 'colcon_meta'
[0.383s] Level 1:colcon.colcon_core.package_identification:_identify(/home/transporter/transporter_ws/firmware/BNO055_uros/bno055_uros_publisher/Debug/Middlewares/Third_Party/FreeRTOS/Source) by extensions ['ros']
[0.383s] Level 1:colcon.colcon_core.package_identification:_identify(/home/transporter/transporter_ws/firmware/BNO055_uros/bno055_uros_publisher/Debug/Middlewares/Third_Party/FreeRTOS/Source) by extension 'ros'
[0.383s] Level 1:colcon.colcon_core.package_identification:_identify(/home/transporter/transporter_ws/firmware/BNO055_uros/bno055_uros_publisher/Debug/Middlewares/Third_Party/FreeRTOS/Source) by extensions ['cmake', 'python']
[0.383s] Level 1:colcon.colcon_core.package_identification:_identify(/home/transporter/transporter_ws/firmware/BNO055_uros/bno055_uros_publisher/Debug/Middlewares/Third_Party/FreeRTOS/Source) by extension 'cmake'
[0.383s] Level 1:colcon.colcon_core.package_identification:_identify(/home/transporter/transporter_ws/firmware/BNO055_uros/bno055_uros_publisher/Debug/Middlewares/Third_Party/FreeRTOS/Source) by extension 'python'
[0.383s] Level 1:colcon.colcon_core.package_identification:_identify(/home/transporter/transporter_ws/firmware/BNO055_uros/bno055_uros_publisher/Debug/Middlewares/Third_Party/FreeRTOS/Source) by extensions ['python_setup_py']
[0.383s] Level 1:colcon.colcon_core.package_identification:_identify(/home/transporter/transporter_ws/firmware/BNO055_uros/bno055_uros_publisher/Debug/Middlewares/Third_Party/FreeRTOS/Source) by extension 'python_setup_py'
[0.383s] Level 1:colcon.colcon_core.package_identification:_identify(/home/transporter/transporter_ws/firmware/BNO055_uros/bno055_uros_publisher/Debug/Middlewares/Third_Party/FreeRTOS/Source/CMSIS_RTOS_V2) by extensions ['ignore', 'ignore_ament_install']
[0.383s] Level 1:colcon.colcon_core.package_identification:_identify(/home/transporter/transporter_ws/firmware/BNO055_uros/bno055_uros_publisher/Debug/Middlewares/Third_Party/FreeRTOS/Source/CMSIS_RTOS_V2) by extension 'ignore'
[0.383s] Level 1:colcon.colcon_core.package_identification:_identify(/home/transporter/transporter_ws/firmware/BNO055_uros/bno055_uros_publisher/Debug/Middlewares/Third_Party/FreeRTOS/Source/CMSIS_RTOS_V2) by extension 'ignore_ament_install'
[0.383s] Level 1:colcon.colcon_core.package_identification:_identify(/home/transporter/transporter_ws/firmware/BNO055_uros/bno055_uros_publisher/Debug/Middlewares/Third_Party/FreeRTOS/Source/CMSIS_RTOS_V2) by extensions ['colcon_pkg']
[0.383s] Level 1:colcon.colcon_core.package_identification:_identify(/home/transporter/transporter_ws/firmware/BNO055_uros/bno055_uros_publisher/Debug/Middlewares/Third_Party/FreeRTOS/Source/CMSIS_RTOS_V2) by extension 'colcon_pkg'
[0.383s] Level 1:colcon.colcon_core.package_identification:_identify(/home/transporter/transporter_ws/firmware/BNO055_uros/bno055_uros_publisher/Debug/Middlewares/Third_Party/FreeRTOS/Source/CMSIS_RTOS_V2) by extensions ['colcon_meta']
[0.383s] Level 1:colcon.colcon_core.package_identification:_identify(/home/transporter/transporter_ws/firmware/BNO055_uros/bno055_uros_publisher/Debug/Middlewares/Third_Party/FreeRTOS/Source/CMSIS_RTOS_V2) by extension 'colcon_meta'
[0.383s] Level 1:colcon.colcon_core.package_identification:_identify(/home/transporter/transporter_ws/firmware/BNO055_uros/bno055_uros_publisher/Debug/Middlewares/Third_Party/FreeRTOS/Source/CMSIS_RTOS_V2) by extensions ['ros']
[0.383s] Level 1:colcon.colcon_core.package_identification:_identify(/home/transporter/transporter_ws/firmware/BNO055_uros/bno055_uros_publisher/Debug/Middlewares/Third_Party/FreeRTOS/Source/CMSIS_RTOS_V2) by extension 'ros'
[0.383s] Level 1:colcon.colcon_core.package_identification:_identify(/home/transporter/transporter_ws/firmware/BNO055_uros/bno055_uros_publisher/Debug/Middlewares/Third_Party/FreeRTOS/Source/CMSIS_RTOS_V2) by extensions ['cmake', 'python']
[0.383s] Level 1:colcon.colcon_core.package_identification:_identify(/home/transporter/transporter_ws/firmware/BNO055_uros/bno055_uros_publisher/Debug/Middlewares/Third_Party/FreeRTOS/Source/CMSIS_RTOS_V2) by extension 'cmake'
[0.383s] Level 1:colcon.colcon_core.package_identification:_identify(/home/transporter/transporter_ws/firmware/BNO055_uros/bno055_uros_publisher/Debug/Middlewares/Third_Party/FreeRTOS/Source/CMSIS_RTOS_V2) by extension 'python'
[0.383s] Level 1:colcon.colcon_core.package_identification:_identify(/home/transporter/transporter_ws/firmware/BNO055_uros/bno055_uros_publisher/Debug/Middlewares/Third_Party/FreeRTOS/Source/CMSIS_RTOS_V2) by extensions ['python_setup_py']
[0.383s] Level 1:colcon.colcon_core.package_identification:_identify(/home/transporter/transporter_ws/firmware/BNO055_uros/bno055_uros_publisher/Debug/Middlewares/Third_Party/FreeRTOS/Source/CMSIS_RTOS_V2) by extension 'python_setup_py'
[0.383s] Level 1:colcon.colcon_core.package_identification:_identify(/home/transporter/transporter_ws/firmware/BNO055_uros/bno055_uros_publisher/Debug/Middlewares/Third_Party/FreeRTOS/Source/portable) by extensions ['ignore', 'ignore_ament_install']
[0.384s] Level 1:colcon.colcon_core.package_identification:_identify(/home/transporter/transporter_ws/firmware/BNO055_uros/bno055_uros_publisher/Debug/Middlewares/Third_Party/FreeRTOS/Source/portable) by extension 'ignore'
[0.384s] Level 1:colcon.colcon_core.package_identification:_identify(/home/transporter/transporter_ws/firmware/BNO055_uros/bno055_uros_publisher/Debug/Middlewares/Third_Party/FreeRTOS/Source/portable) by extension 'ignore_ament_install'
[0.384s] Level 1:colcon.colcon_core.package_identification:_identify(/home/transporter/transporter_ws/firmware/BNO055_uros/bno055_uros_publisher/Debug/Middlewares/Third_Party/FreeRTOS/Source/portable) by extensions ['colcon_pkg']
[0.384s] Level 1:colcon.colcon_core.package_identification:_identify(/home/transporter/transporter_ws/firmware/BNO055_uros/bno055_uros_publisher/Debug/Middlewares/Third_Party/FreeRTOS/Source/portable) by extension 'colcon_pkg'
[0.384s] Level 1:colcon.colcon_core.package_identification:_identify(/home/transporter/transporter_ws/firmware/BNO055_uros/bno055_uros_publisher/Debug/Middlewares/Third_Party/FreeRTOS/Source/portable) by extensions ['colcon_meta']
[0.384s] Level 1:colcon.colcon_core.package_identification:_identify(/home/transporter/transporter_ws/firmware/BNO055_uros/bno055_uros_publisher/Debug/Middlewares/Third_Party/FreeRTOS/Source/portable) by extension 'colcon_meta'
[0.384s] Level 1:colcon.colcon_core.package_identification:_identify(/home/transporter/transporter_ws/firmware/BNO055_uros/bno055_uros_publisher/Debug/Middlewares/Third_Party/FreeRTOS/Source/portable) by extensions ['ros']
[0.384s] Level 1:colcon.colcon_core.package_identification:_identify(/home/transporter/transporter_ws/firmware/BNO055_uros/bno055_uros_publisher/Debug/Middlewares/Third_Party/FreeRTOS/Source/portable) by extension 'ros'
[0.384s] Level 1:colcon.colcon_core.package_identification:_identify(/home/transporter/transporter_ws/firmware/BNO055_uros/bno055_uros_publisher/Debug/Middlewares/Third_Party/FreeRTOS/Source/portable) by extensions ['cmake', 'python']
[0.384s] Level 1:colcon.colcon_core.package_identification:_identify(/home/transporter/transporter_ws/firmware/BNO055_uros/bno055_uros_publisher/Debug/Middlewares/Third_Party/FreeRTOS/Source/portable) by extension 'cmake'
[0.384s] Level 1:colcon.colcon_core.package_identification:_identify(/home/transporter/transporter_ws/firmware/BNO055_uros/bno055_uros_publisher/Debug/Middlewares/Third_Party/FreeRTOS/Source/portable) by extension 'python'
[0.384s] Level 1:colcon.colcon_core.package_identification:_identify(/home/transporter/transporter_ws/firmware/BNO055_uros/bno055_uros_publisher/Debug/Middlewares/Third_Party/FreeRTOS/Source/portable) by extensions ['python_setup_py']
[0.384s] Level 1:colcon.colcon_core.package_identification:_identify(/home/transporter/transporter_ws/firmware/BNO055_uros/bno055_uros_publisher/Debug/Middlewares/Third_Party/FreeRTOS/Source/portable) by extension 'python_setup_py'
[0.384s] Level 1:colcon.colcon_core.package_identification:_identify(/home/transporter/transporter_ws/firmware/BNO055_uros/bno055_uros_publisher/Debug/Middlewares/Third_Party/FreeRTOS/Source/portable/GCC) by extensions ['ignore', 'ignore_ament_install']
[0.384s] Level 1:colcon.colcon_core.package_identification:_identify(/home/transporter/transporter_ws/firmware/BNO055_uros/bno055_uros_publisher/Debug/Middlewares/Third_Party/FreeRTOS/Source/portable/GCC) by extension 'ignore'
[0.384s] Level 1:colcon.colcon_core.package_identification:_identify(/home/transporter/transporter_ws/firmware/BNO055_uros/bno055_uros_publisher/Debug/Middlewares/Third_Party/FreeRTOS/Source/portable/GCC) by extension 'ignore_ament_install'
[0.384s] Level 1:colcon.colcon_core.package_identification:_identify(/home/transporter/transporter_ws/firmware/BNO055_uros/bno055_uros_publisher/Debug/Middlewares/Third_Party/FreeRTOS/Source/portable/GCC) by extensions ['colcon_pkg']
[0.384s] Level 1:colcon.colcon_core.package_identification:_identify(/home/transporter/transporter_ws/firmware/BNO055_uros/bno055_uros_publisher/Debug/Middlewares/Third_Party/FreeRTOS/Source/portable/GCC) by extension 'colcon_pkg'
[0.384s] Level 1:colcon.colcon_core.package_identification:_identify(/home/transporter/transporter_ws/firmware/BNO055_uros/bno055_uros_publisher/Debug/Middlewares/Third_Party/FreeRTOS/Source/portable/GCC) by extensions ['colcon_meta']
[0.384s] Level 1:colcon.colcon_core.package_identification:_identify(/home/transporter/transporter_ws/firmware/BNO055_uros/bno055_uros_publisher/Debug/Middlewares/Third_Party/FreeRTOS/Source/portable/GCC) by extension 'colcon_meta'
[0.384s] Level 1:colcon.colcon_core.package_identification:_identify(/home/transporter/transporter_ws/firmware/BNO055_uros/bno055_uros_publisher/Debug/Middlewares/Third_Party/FreeRTOS/Source/portable/GCC) by extensions ['ros']
[0.384s] Level 1:colcon.colcon_core.package_identification:_identify(/home/transporter/transporter_ws/firmware/BNO055_uros/bno055_uros_publisher/Debug/Middlewares/Third_Party/FreeRTOS/Source/portable/GCC) by extension 'ros'
[0.384s] Level 1:colcon.colcon_core.package_identification:_identify(/home/transporter/transporter_ws/firmware/BNO055_uros/bno055_uros_publisher/Debug/Middlewares/Third_Party/FreeRTOS/Source/portable/GCC) by extensions ['cmake', 'python']
[0.384s] Level 1:colcon.colcon_core.package_identification:_identify(/home/transporter/transporter_ws/firmware/BNO055_uros/bno055_uros_publisher/Debug/Middlewares/Third_Party/FreeRTOS/Source/portable/GCC) by extension 'cmake'
[0.384s] Level 1:colcon.colcon_core.package_identification:_identify(/home/transporter/transporter_ws/firmware/BNO055_uros/bno055_uros_publisher/Debug/Middlewares/Third_Party/FreeRTOS/Source/portable/GCC) by extension 'python'
[0.384s] Level 1:colcon.colcon_core.package_identification:_identify(/home/transporter/transporter_ws/firmware/BNO055_uros/bno055_uros_publisher/Debug/Middlewares/Third_Party/FreeRTOS/Source/portable/GCC) by extensions ['python_setup_py']
[0.384s] Level 1:colcon.colcon_core.package_identification:_identify(/home/transporter/transporter_ws/firmware/BNO055_uros/bno055_uros_publisher/Debug/Middlewares/Third_Party/FreeRTOS/Source/portable/GCC) by extension 'python_setup_py'
[0.384s] Level 1:colcon.colcon_core.package_identification:_identify(/home/transporter/transporter_ws/firmware/BNO055_uros/bno055_uros_publisher/Debug/Middlewares/Third_Party/FreeRTOS/Source/portable/GCC/ARM_CM4F) by extensions ['ignore', 'ignore_ament_install']
[0.384s] Level 1:colcon.colcon_core.package_identification:_identify(/home/transporter/transporter_ws/firmware/BNO055_uros/bno055_uros_publisher/Debug/Middlewares/Third_Party/FreeRTOS/Source/portable/GCC/ARM_CM4F) by extension 'ignore'
[0.384s] Level 1:colcon.colcon_core.package_identification:_identify(/home/transporter/transporter_ws/firmware/BNO055_uros/bno055_uros_publisher/Debug/Middlewares/Third_Party/FreeRTOS/Source/portable/GCC/ARM_CM4F) by extension 'ignore_ament_install'
[0.384s] Level 1:colcon.colcon_core.package_identification:_identify(/home/transporter/transporter_ws/firmware/BNO055_uros/bno055_uros_publisher/Debug/Middlewares/Third_Party/FreeRTOS/Source/portable/GCC/ARM_CM4F) by extensions ['colcon_pkg']
[0.384s] Level 1:colcon.colcon_core.package_identification:_identify(/home/transporter/transporter_ws/firmware/BNO055_uros/bno055_uros_publisher/Debug/Middlewares/Third_Party/FreeRTOS/Source/portable/GCC/ARM_CM4F) by extension 'colcon_pkg'
[0.384s] Level 1:colcon.colcon_core.package_identification:_identify(/home/transporter/transporter_ws/firmware/BNO055_uros/bno055_uros_publisher/Debug/Middlewares/Third_Party/FreeRTOS/Source/portable/GCC/ARM_CM4F) by extensions ['colcon_meta']
[0.384s] Level 1:colcon.colcon_core.package_identification:_identify(/home/transporter/transporter_ws/firmware/BNO055_uros/bno055_uros_publisher/Debug/Middlewares/Third_Party/FreeRTOS/Source/portable/GCC/ARM_CM4F) by extension 'colcon_meta'
[0.384s] Level 1:colcon.colcon_core.package_identification:_identify(/home/transporter/transporter_ws/firmware/BNO055_uros/bno055_uros_publisher/Debug/Middlewares/Third_Party/FreeRTOS/Source/portable/GCC/ARM_CM4F) by extensions ['ros']
[0.384s] Level 1:colcon.colcon_core.package_identification:_identify(/home/transporter/transporter_ws/firmware/BNO055_uros/bno055_uros_publisher/Debug/Middlewares/Third_Party/FreeRTOS/Source/portable/GCC/ARM_CM4F) by extension 'ros'
[0.385s] Level 1:colcon.colcon_core.package_identification:_identify(/home/transporter/transporter_ws/firmware/BNO055_uros/bno055_uros_publisher/Debug/Middlewares/Third_Party/FreeRTOS/Source/portable/GCC/ARM_CM4F) by extensions ['cmake', 'python']
[0.385s] Level 1:colcon.colcon_core.package_identification:_identify(/home/transporter/transporter_ws/firmware/BNO055_uros/bno055_uros_publisher/Debug/Middlewares/Third_Party/FreeRTOS/Source/portable/GCC/ARM_CM4F) by extension 'cmake'
[0.385s] Level 1:colcon.colcon_core.package_identification:_identify(/home/transporter/transporter_ws/firmware/BNO055_uros/bno055_uros_publisher/Debug/Middlewares/Third_Party/FreeRTOS/Source/portable/GCC/ARM_CM4F) by extension 'python'
[0.385s] Level 1:colcon.colcon_core.package_identification:_identify(/home/transporter/transporter_ws/firmware/BNO055_uros/bno055_uros_publisher/Debug/Middlewares/Third_Party/FreeRTOS/Source/portable/GCC/ARM_CM4F) by extensions ['python_setup_py']
[0.385s] Level 1:colcon.colcon_core.package_identification:_identify(/home/transporter/transporter_ws/firmware/BNO055_uros/bno055_uros_publisher/Debug/Middlewares/Third_Party/FreeRTOS/Source/portable/GCC/ARM_CM4F) by extension 'python_setup_py'
[0.385s] Level 1:colcon.colcon_core.package_identification:_identify(/home/transporter/transporter_ws/firmware/BNO055_uros/bno055_uros_publisher/Debug/Middlewares/Third_Party/FreeRTOS/Source/portable/MemMang) by extensions ['ignore', 'ignore_ament_install']
[0.385s] Level 1:colcon.colcon_core.package_identification:_identify(/home/transporter/transporter_ws/firmware/BNO055_uros/bno055_uros_publisher/Debug/Middlewares/Third_Party/FreeRTOS/Source/portable/MemMang) by extension 'ignore'
[0.385s] Level 1:colcon.colcon_core.package_identification:_identify(/home/transporter/transporter_ws/firmware/BNO055_uros/bno055_uros_publisher/Debug/Middlewares/Third_Party/FreeRTOS/Source/portable/MemMang) by extension 'ignore_ament_install'
[0.385s] Level 1:colcon.colcon_core.package_identification:_identify(/home/transporter/transporter_ws/firmware/BNO055_uros/bno055_uros_publisher/Debug/Middlewares/Third_Party/FreeRTOS/Source/portable/MemMang) by extensions ['colcon_pkg']
[0.385s] Level 1:colcon.colcon_core.package_identification:_identify(/home/transporter/transporter_ws/firmware/BNO055_uros/bno055_uros_publisher/Debug/Middlewares/Third_Party/FreeRTOS/Source/portable/MemMang) by extension 'colcon_pkg'
[0.385s] Level 1:colcon.colcon_core.package_identification:_identify(/home/transporter/transporter_ws/firmware/BNO055_uros/bno055_uros_publisher/Debug/Middlewares/Third_Party/FreeRTOS/Source/portable/MemMang) by extensions ['colcon_meta']
[0.385s] Level 1:colcon.colcon_core.package_identification:_identify(/home/transporter/transporter_ws/firmware/BNO055_uros/bno055_uros_publisher/Debug/Middlewares/Third_Party/FreeRTOS/Source/portable/MemMang) by extension 'colcon_meta'
[0.385s] Level 1:colcon.colcon_core.package_identification:_identify(/home/transporter/transporter_ws/firmware/BNO055_uros/bno055_uros_publisher/Debug/Middlewares/Third_Party/FreeRTOS/Source/portable/MemMang) by extensions ['ros']
[0.385s] Level 1:colcon.colcon_core.package_identification:_identify(/home/transporter/transporter_ws/firmware/BNO055_uros/bno055_uros_publisher/Debug/Middlewares/Third_Party/FreeRTOS/Source/portable/MemMang) by extension 'ros'
[0.385s] Level 1:colcon.colcon_core.package_identification:_identify(/home/transporter/transporter_ws/firmware/BNO055_uros/bno055_uros_publisher/Debug/Middlewares/Third_Party/FreeRTOS/Source/portable/MemMang) by extensions ['cmake', 'python']
[0.385s] Level 1:colcon.colcon_core.package_identification:_identify(/home/transporter/transporter_ws/firmware/BNO055_uros/bno055_uros_publisher/Debug/Middlewares/Third_Party/FreeRTOS/Source/portable/MemMang) by extension 'cmake'
[0.385s] Level 1:colcon.colcon_core.package_identification:_identify(/home/transporter/transporter_ws/firmware/BNO055_uros/bno055_uros_publisher/Debug/Middlewares/Third_Party/FreeRTOS/Source/portable/MemMang) by extension 'python'
[0.385s] Level 1:colcon.colcon_core.package_identification:_identify(/home/transporter/transporter_ws/firmware/BNO055_uros/bno055_uros_publisher/Debug/Middlewares/Third_Party/FreeRTOS/Source/portable/MemMang) by extensions ['python_setup_py']
[0.385s] Level 1:colcon.colcon_core.package_identification:_identify(/home/transporter/transporter_ws/firmware/BNO055_uros/bno055_uros_publisher/Debug/Middlewares/Third_Party/FreeRTOS/Source/portable/MemMang) by extension 'python_setup_py'
[0.385s] Level 1:colcon.colcon_core.package_identification:_identify(/home/transporter/transporter_ws/firmware/BNO055_uros/bno055_uros_publisher/Drivers) by extensions ['ignore', 'ignore_ament_install']
[0.385s] Level 1:colcon.colcon_core.package_identification:_identify(/home/transporter/transporter_ws/firmware/BNO055_uros/bno055_uros_publisher/Drivers) by extension 'ignore'
[0.385s] Level 1:colcon.colcon_core.package_identification:_identify(/home/transporter/transporter_ws/firmware/BNO055_uros/bno055_uros_publisher/Drivers) by extension 'ignore_ament_install'
[0.385s] Level 1:colcon.colcon_core.package_identification:_identify(/home/transporter/transporter_ws/firmware/BNO055_uros/bno055_uros_publisher/Drivers) by extensions ['colcon_pkg']
[0.385s] Level 1:colcon.colcon_core.package_identification:_identify(/home/transporter/transporter_ws/firmware/BNO055_uros/bno055_uros_publisher/Drivers) by extension 'colcon_pkg'
[0.385s] Level 1:colcon.colcon_core.package_identification:_identify(/home/transporter/transporter_ws/firmware/BNO055_uros/bno055_uros_publisher/Drivers) by extensions ['colcon_meta']
[0.385s] Level 1:colcon.colcon_core.package_identification:_identify(/home/transporter/transporter_ws/firmware/BNO055_uros/bno055_uros_publisher/Drivers) by extension 'colcon_meta'
[0.385s] Level 1:colcon.colcon_core.package_identification:_identify(/home/transporter/transporter_ws/firmware/BNO055_uros/bno055_uros_publisher/Drivers) by extensions ['ros']
[0.385s] Level 1:colcon.colcon_core.package_identification:_identify(/home/transporter/transporter_ws/firmware/BNO055_uros/bno055_uros_publisher/Drivers) by extension 'ros'
[0.385s] Level 1:colcon.colcon_core.package_identification:_identify(/home/transporter/transporter_ws/firmware/BNO055_uros/bno055_uros_publisher/Drivers) by extensions ['cmake', 'python']
[0.385s] Level 1:colcon.colcon_core.package_identification:_identify(/home/transporter/transporter_ws/firmware/BNO055_uros/bno055_uros_publisher/Drivers) by extension 'cmake'
[0.385s] Level 1:colcon.colcon_core.package_identification:_identify(/home/transporter/transporter_ws/firmware/BNO055_uros/bno055_uros_publisher/Drivers) by extension 'python'
[0.385s] Level 1:colcon.colcon_core.package_identification:_identify(/home/transporter/transporter_ws/firmware/BNO055_uros/bno055_uros_publisher/Drivers) by extensions ['python_setup_py']
[0.385s] Level 1:colcon.colcon_core.package_identification:_identify(/home/transporter/transporter_ws/firmware/BNO055_uros/bno055_uros_publisher/Drivers) by extension 'python_setup_py'
[0.385s] Level 1:colcon.colcon_core.package_identification:_identify(/home/transporter/transporter_ws/firmware/BNO055_uros/bno055_uros_publisher/Drivers/CMSIS) by extensions ['ignore', 'ignore_ament_install']
[0.385s] Level 1:colcon.colcon_core.package_identification:_identify(/home/transporter/transporter_ws/firmware/BNO055_uros/bno055_uros_publisher/Drivers/CMSIS) by extension 'ignore'
[0.385s] Level 1:colcon.colcon_core.package_identification:_identify(/home/transporter/transporter_ws/firmware/BNO055_uros/bno055_uros_publisher/Drivers/CMSIS) by extension 'ignore_ament_install'
[0.386s] Level 1:colcon.colcon_core.package_identification:_identify(/home/transporter/transporter_ws/firmware/BNO055_uros/bno055_uros_publisher/Drivers/CMSIS) by extensions ['colcon_pkg']
[0.386s] Level 1:colcon.colcon_core.package_identification:_identify(/home/transporter/transporter_ws/firmware/BNO055_uros/bno055_uros_publisher/Drivers/CMSIS) by extension 'colcon_pkg'
[0.386s] Level 1:colcon.colcon_core.package_identification:_identify(/home/transporter/transporter_ws/firmware/BNO055_uros/bno055_uros_publisher/Drivers/CMSIS) by extensions ['colcon_meta']
[0.386s] Level 1:colcon.colcon_core.package_identification:_identify(/home/transporter/transporter_ws/firmware/BNO055_uros/bno055_uros_publisher/Drivers/CMSIS) by extension 'colcon_meta'
[0.386s] Level 1:colcon.colcon_core.package_identification:_identify(/home/transporter/transporter_ws/firmware/BNO055_uros/bno055_uros_publisher/Drivers/CMSIS) by extensions ['ros']
[0.386s] Level 1:colcon.colcon_core.package_identification:_identify(/home/transporter/transporter_ws/firmware/BNO055_uros/bno055_uros_publisher/Drivers/CMSIS) by extension 'ros'
[0.386s] Level 1:colcon.colcon_core.package_identification:_identify(/home/transporter/transporter_ws/firmware/BNO055_uros/bno055_uros_publisher/Drivers/CMSIS) by extensions ['cmake', 'python']
[0.386s] Level 1:colcon.colcon_core.package_identification:_identify(/home/transporter/transporter_ws/firmware/BNO055_uros/bno055_uros_publisher/Drivers/CMSIS) by extension 'cmake'
[0.386s] Level 1:colcon.colcon_core.package_identification:_identify(/home/transporter/transporter_ws/firmware/BNO055_uros/bno055_uros_publisher/Drivers/CMSIS) by extension 'python'
[0.386s] Level 1:colcon.colcon_core.package_identification:_identify(/home/transporter/transporter_ws/firmware/BNO055_uros/bno055_uros_publisher/Drivers/CMSIS) by extensions ['python_setup_py']
[0.386s] Level 1:colcon.colcon_core.package_identification:_identify(/home/transporter/transporter_ws/firmware/BNO055_uros/bno055_uros_publisher/Drivers/CMSIS) by extension 'python_setup_py'
[0.386s] Level 1:colcon.colcon_core.package_identification:_identify(/home/transporter/transporter_ws/firmware/BNO055_uros/bno055_uros_publisher/Drivers/CMSIS/Device) by extensions ['ignore', 'ignore_ament_install']
[0.386s] Level 1:colcon.colcon_core.package_identification:_identify(/home/transporter/transporter_ws/firmware/BNO055_uros/bno055_uros_publisher/Drivers/CMSIS/Device) by extension 'ignore'
[0.386s] Level 1:colcon.colcon_core.package_identification:_identify(/home/transporter/transporter_ws/firmware/BNO055_uros/bno055_uros_publisher/Drivers/CMSIS/Device) by extension 'ignore_ament_install'
[0.386s] Level 1:colcon.colcon_core.package_identification:_identify(/home/transporter/transporter_ws/firmware/BNO055_uros/bno055_uros_publisher/Drivers/CMSIS/Device) by extensions ['colcon_pkg']
[0.386s] Level 1:colcon.colcon_core.package_identification:_identify(/home/transporter/transporter_ws/firmware/BNO055_uros/bno055_uros_publisher/Drivers/CMSIS/Device) by extension 'colcon_pkg'
[0.386s] Level 1:colcon.colcon_core.package_identification:_identify(/home/transporter/transporter_ws/firmware/BNO055_uros/bno055_uros_publisher/Drivers/CMSIS/Device) by extensions ['colcon_meta']
[0.386s] Level 1:colcon.colcon_core.package_identification:_identify(/home/transporter/transporter_ws/firmware/BNO055_uros/bno055_uros_publisher/Drivers/CMSIS/Device) by extension 'colcon_meta'
[0.386s] Level 1:colcon.colcon_core.package_identification:_identify(/home/transporter/transporter_ws/firmware/BNO055_uros/bno055_uros_publisher/Drivers/CMSIS/Device) by extensions ['ros']
[0.386s] Level 1:colcon.colcon_core.package_identification:_identify(/home/transporter/transporter_ws/firmware/BNO055_uros/bno055_uros_publisher/Drivers/CMSIS/Device) by extension 'ros'
[0.386s] Level 1:colcon.colcon_core.package_identification:_identify(/home/transporter/transporter_ws/firmware/BNO055_uros/bno055_uros_publisher/Drivers/CMSIS/Device) by extensions ['cmake', 'python']
[0.386s] Level 1:colcon.colcon_core.package_identification:_identify(/home/transporter/transporter_ws/firmware/BNO055_uros/bno055_uros_publisher/Drivers/CMSIS/Device) by extension 'cmake'
[0.386s] Level 1:colcon.colcon_core.package_identification:_identify(/home/transporter/transporter_ws/firmware/BNO055_uros/bno055_uros_publisher/Drivers/CMSIS/Device) by extension 'python'
[0.386s] Level 1:colcon.colcon_core.package_identification:_identify(/home/transporter/transporter_ws/firmware/BNO055_uros/bno055_uros_publisher/Drivers/CMSIS/Device) by extensions ['python_setup_py']
[0.386s] Level 1:colcon.colcon_core.package_identification:_identify(/home/transporter/transporter_ws/firmware/BNO055_uros/bno055_uros_publisher/Drivers/CMSIS/Device) by extension 'python_setup_py'
[0.386s] Level 1:colcon.colcon_core.package_identification:_identify(/home/transporter/transporter_ws/firmware/BNO055_uros/bno055_uros_publisher/Drivers/CMSIS/Device/ST) by extensions ['ignore', 'ignore_ament_install']
[0.386s] Level 1:colcon.colcon_core.package_identification:_identify(/home/transporter/transporter_ws/firmware/BNO055_uros/bno055_uros_publisher/Drivers/CMSIS/Device/ST) by extension 'ignore'
[0.386s] Level 1:colcon.colcon_core.package_identification:_identify(/home/transporter/transporter_ws/firmware/BNO055_uros/bno055_uros_publisher/Drivers/CMSIS/Device/ST) by extension 'ignore_ament_install'
[0.386s] Level 1:colcon.colcon_core.package_identification:_identify(/home/transporter/transporter_ws/firmware/BNO055_uros/bno055_uros_publisher/Drivers/CMSIS/Device/ST) by extensions ['colcon_pkg']
[0.386s] Level 1:colcon.colcon_core.package_identification:_identify(/home/transporter/transporter_ws/firmware/BNO055_uros/bno055_uros_publisher/Drivers/CMSIS/Device/ST) by extension 'colcon_pkg'
[0.386s] Level 1:colcon.colcon_core.package_identification:_identify(/home/transporter/transporter_ws/firmware/BNO055_uros/bno055_uros_publisher/Drivers/CMSIS/Device/ST) by extensions ['colcon_meta']
[0.386s] Level 1:colcon.colcon_core.package_identification:_identify(/home/transporter/transporter_ws/firmware/BNO055_uros/bno055_uros_publisher/Drivers/CMSIS/Device/ST) by extension 'colcon_meta'
[0.386s] Level 1:colcon.colcon_core.package_identification:_identify(/home/transporter/transporter_ws/firmware/BNO055_uros/bno055_uros_publisher/Drivers/CMSIS/Device/ST) by extensions ['ros']
[0.386s] Level 1:colcon.colcon_core.package_identification:_identify(/home/transporter/transporter_ws/firmware/BNO055_uros/bno055_uros_publisher/Drivers/CMSIS/Device/ST) by extension 'ros'
[0.386s] Level 1:colcon.colcon_core.package_identification:_identify(/home/transporter/transporter_ws/firmware/BNO055_uros/bno055_uros_publisher/Drivers/CMSIS/Device/ST) by extensions ['cmake', 'python']
[0.386s] Level 1:colcon.colcon_core.package_identification:_identify(/home/transporter/transporter_ws/firmware/BNO055_uros/bno055_uros_publisher/Drivers/CMSIS/Device/ST) by extension 'cmake'
[0.386s] Level 1:colcon.colcon_core.package_identification:_identify(/home/transporter/transporter_ws/firmware/BNO055_uros/bno055_uros_publisher/Drivers/CMSIS/Device/ST) by extension 'python'
[0.386s] Level 1:colcon.colcon_core.package_identification:_identify(/home/transporter/transporter_ws/firmware/BNO055_uros/bno055_uros_publisher/Drivers/CMSIS/Device/ST) by extensions ['python_setup_py']
[0.386s] Level 1:colcon.colcon_core.package_identification:_identify(/home/transporter/transporter_ws/firmware/BNO055_uros/bno055_uros_publisher/Drivers/CMSIS/Device/ST) by extension 'python_setup_py'
[0.387s] Level 1:colcon.colcon_core.package_identification:_identify(/home/transporter/transporter_ws/firmware/BNO055_uros/bno055_uros_publisher/Drivers/CMSIS/Device/ST/STM32G4xx) by extensions ['ignore', 'ignore_ament_install']
[0.387s] Level 1:colcon.colcon_core.package_identification:_identify(/home/transporter/transporter_ws/firmware/BNO055_uros/bno055_uros_publisher/Drivers/CMSIS/Device/ST/STM32G4xx) by extension 'ignore'
[0.387s] Level 1:colcon.colcon_core.package_identification:_identify(/home/transporter/transporter_ws/firmware/BNO055_uros/bno055_uros_publisher/Drivers/CMSIS/Device/ST/STM32G4xx) by extension 'ignore_ament_install'
[0.387s] Level 1:colcon.colcon_core.package_identification:_identify(/home/transporter/transporter_ws/firmware/BNO055_uros/bno055_uros_publisher/Drivers/CMSIS/Device/ST/STM32G4xx) by extensions ['colcon_pkg']
[0.387s] Level 1:colcon.colcon_core.package_identification:_identify(/home/transporter/transporter_ws/firmware/BNO055_uros/bno055_uros_publisher/Drivers/CMSIS/Device/ST/STM32G4xx) by extension 'colcon_pkg'
[0.387s] Level 1:colcon.colcon_core.package_identification:_identify(/home/transporter/transporter_ws/firmware/BNO055_uros/bno055_uros_publisher/Drivers/CMSIS/Device/ST/STM32G4xx) by extensions ['colcon_meta']
[0.387s] Level 1:colcon.colcon_core.package_identification:_identify(/home/transporter/transporter_ws/firmware/BNO055_uros/bno055_uros_publisher/Drivers/CMSIS/Device/ST/STM32G4xx) by extension 'colcon_meta'
[0.387s] Level 1:colcon.colcon_core.package_identification:_identify(/home/transporter/transporter_ws/firmware/BNO055_uros/bno055_uros_publisher/Drivers/CMSIS/Device/ST/STM32G4xx) by extensions ['ros']
[0.387s] Level 1:colcon.colcon_core.package_identification:_identify(/home/transporter/transporter_ws/firmware/BNO055_uros/bno055_uros_publisher/Drivers/CMSIS/Device/ST/STM32G4xx) by extension 'ros'
[0.387s] Level 1:colcon.colcon_core.package_identification:_identify(/home/transporter/transporter_ws/firmware/BNO055_uros/bno055_uros_publisher/Drivers/CMSIS/Device/ST/STM32G4xx) by extensions ['cmake', 'python']
[0.387s] Level 1:colcon.colcon_core.package_identification:_identify(/home/transporter/transporter_ws/firmware/BNO055_uros/bno055_uros_publisher/Drivers/CMSIS/Device/ST/STM32G4xx) by extension 'cmake'
[0.387s] Level 1:colcon.colcon_core.package_identification:_identify(/home/transporter/transporter_ws/firmware/BNO055_uros/bno055_uros_publisher/Drivers/CMSIS/Device/ST/STM32G4xx) by extension 'python'
[0.387s] Level 1:colcon.colcon_core.package_identification:_identify(/home/transporter/transporter_ws/firmware/BNO055_uros/bno055_uros_publisher/Drivers/CMSIS/Device/ST/STM32G4xx) by extensions ['python_setup_py']
[0.387s] Level 1:colcon.colcon_core.package_identification:_identify(/home/transporter/transporter_ws/firmware/BNO055_uros/bno055_uros_publisher/Drivers/CMSIS/Device/ST/STM32G4xx) by extension 'python_setup_py'
[0.387s] Level 1:colcon.colcon_core.package_identification:_identify(/home/transporter/transporter_ws/firmware/BNO055_uros/bno055_uros_publisher/Drivers/CMSIS/Device/ST/STM32G4xx/Include) by extensions ['ignore', 'ignore_ament_install']
[0.387s] Level 1:colcon.colcon_core.package_identification:_identify(/home/transporter/transporter_ws/firmware/BNO055_uros/bno055_uros_publisher/Drivers/CMSIS/Device/ST/STM32G4xx/Include) by extension 'ignore'
[0.387s] Level 1:colcon.colcon_core.package_identification:_identify(/home/transporter/transporter_ws/firmware/BNO055_uros/bno055_uros_publisher/Drivers/CMSIS/Device/ST/STM32G4xx/Include) by extension 'ignore_ament_install'
[0.387s] Level 1:colcon.colcon_core.package_identification:_identify(/home/transporter/transporter_ws/firmware/BNO055_uros/bno055_uros_publisher/Drivers/CMSIS/Device/ST/STM32G4xx/Include) by extensions ['colcon_pkg']
[0.387s] Level 1:colcon.colcon_core.package_identification:_identify(/home/transporter/transporter_ws/firmware/BNO055_uros/bno055_uros_publisher/Drivers/CMSIS/Device/ST/STM32G4xx/Include) by extension 'colcon_pkg'
[0.387s] Level 1:colcon.colcon_core.package_identification:_identify(/home/transporter/transporter_ws/firmware/BNO055_uros/bno055_uros_publisher/Drivers/CMSIS/Device/ST/STM32G4xx/Include) by extensions ['colcon_meta']
[0.387s] Level 1:colcon.colcon_core.package_identification:_identify(/home/transporter/transporter_ws/firmware/BNO055_uros/bno055_uros_publisher/Drivers/CMSIS/Device/ST/STM32G4xx/Include) by extension 'colcon_meta'
[0.387s] Level 1:colcon.colcon_core.package_identification:_identify(/home/transporter/transporter_ws/firmware/BNO055_uros/bno055_uros_publisher/Drivers/CMSIS/Device/ST/STM32G4xx/Include) by extensions ['ros']
[0.387s] Level 1:colcon.colcon_core.package_identification:_identify(/home/transporter/transporter_ws/firmware/BNO055_uros/bno055_uros_publisher/Drivers/CMSIS/Device/ST/STM32G4xx/Include) by extension 'ros'
[0.387s] Level 1:colcon.colcon_core.package_identification:_identify(/home/transporter/transporter_ws/firmware/BNO055_uros/bno055_uros_publisher/Drivers/CMSIS/Device/ST/STM32G4xx/Include) by extensions ['cmake', 'python']
[0.387s] Level 1:colcon.colcon_core.package_identification:_identify(/home/transporter/transporter_ws/firmware/BNO055_uros/bno055_uros_publisher/Drivers/CMSIS/Device/ST/STM32G4xx/Include) by extension 'cmake'
[0.387s] Level 1:colcon.colcon_core.package_identification:_identify(/home/transporter/transporter_ws/firmware/BNO055_uros/bno055_uros_publisher/Drivers/CMSIS/Device/ST/STM32G4xx/Include) by extension 'python'
[0.387s] Level 1:colcon.colcon_core.package_identification:_identify(/home/transporter/transporter_ws/firmware/BNO055_uros/bno055_uros_publisher/Drivers/CMSIS/Device/ST/STM32G4xx/Include) by extensions ['python_setup_py']
[0.387s] Level 1:colcon.colcon_core.package_identification:_identify(/home/transporter/transporter_ws/firmware/BNO055_uros/bno055_uros_publisher/Drivers/CMSIS/Device/ST/STM32G4xx/Include) by extension 'python_setup_py'
[0.387s] Level 1:colcon.colcon_core.package_identification:_identify(/home/transporter/transporter_ws/firmware/BNO055_uros/bno055_uros_publisher/Drivers/CMSIS/Device/ST/STM32G4xx/Source) by extensions ['ignore', 'ignore_ament_install']
[0.387s] Level 1:colcon.colcon_core.package_identification:_identify(/home/transporter/transporter_ws/firmware/BNO055_uros/bno055_uros_publisher/Drivers/CMSIS/Device/ST/STM32G4xx/Source) by extension 'ignore'
[0.387s] Level 1:colcon.colcon_core.package_identification:_identify(/home/transporter/transporter_ws/firmware/BNO055_uros/bno055_uros_publisher/Drivers/CMSIS/Device/ST/STM32G4xx/Source) by extension 'ignore_ament_install'
[0.387s] Level 1:colcon.colcon_core.package_identification:_identify(/home/transporter/transporter_ws/firmware/BNO055_uros/bno055_uros_publisher/Drivers/CMSIS/Device/ST/STM32G4xx/Source) by extensions ['colcon_pkg']
[0.387s] Level 1:colcon.colcon_core.package_identification:_identify(/home/transporter/transporter_ws/firmware/BNO055_uros/bno055_uros_publisher/Drivers/CMSIS/Device/ST/STM32G4xx/Source) by extension 'colcon_pkg'
[0.387s] Level 1:colcon.colcon_core.package_identification:_identify(/home/transporter/transporter_ws/firmware/BNO055_uros/bno055_uros_publisher/Drivers/CMSIS/Device/ST/STM32G4xx/Source) by extensions ['colcon_meta']
[0.387s] Level 1:colcon.colcon_core.package_identification:_identify(/home/transporter/transporter_ws/firmware/BNO055_uros/bno055_uros_publisher/Drivers/CMSIS/Device/ST/STM32G4xx/Source) by extension 'colcon_meta'
[0.388s] Level 1:colcon.colcon_core.package_identification:_identify(/home/transporter/transporter_ws/firmware/BNO055_uros/bno055_uros_publisher/Drivers/CMSIS/Device/ST/STM32G4xx/Source) by extensions ['ros']
[0.388s] Level 1:colcon.colcon_core.package_identification:_identify(/home/transporter/transporter_ws/firmware/BNO055_uros/bno055_uros_publisher/Drivers/CMSIS/Device/ST/STM32G4xx/Source) by extension 'ros'
[0.388s] Level 1:colcon.colcon_core.package_identification:_identify(/home/transporter/transporter_ws/firmware/BNO055_uros/bno055_uros_publisher/Drivers/CMSIS/Device/ST/STM32G4xx/Source) by extensions ['cmake', 'python']
[0.388s] Level 1:colcon.colcon_core.package_identification:_identify(/home/transporter/transporter_ws/firmware/BNO055_uros/bno055_uros_publisher/Drivers/CMSIS/Device/ST/STM32G4xx/Source) by extension 'cmake'
[0.388s] Level 1:colcon.colcon_core.package_identification:_identify(/home/transporter/transporter_ws/firmware/BNO055_uros/bno055_uros_publisher/Drivers/CMSIS/Device/ST/STM32G4xx/Source) by extension 'python'
[0.388s] Level 1:colcon.colcon_core.package_identification:_identify(/home/transporter/transporter_ws/firmware/BNO055_uros/bno055_uros_publisher/Drivers/CMSIS/Device/ST/STM32G4xx/Source) by extensions ['python_setup_py']
[0.388s] Level 1:colcon.colcon_core.package_identification:_identify(/home/transporter/transporter_ws/firmware/BNO055_uros/bno055_uros_publisher/Drivers/CMSIS/Device/ST/STM32G4xx/Source) by extension 'python_setup_py'
[0.388s] Level 1:colcon.colcon_core.package_identification:_identify(/home/transporter/transporter_ws/firmware/BNO055_uros/bno055_uros_publisher/Drivers/CMSIS/Device/ST/STM32G4xx/Source/Templates) by extensions ['ignore', 'ignore_ament_install']
[0.388s] Level 1:colcon.colcon_core.package_identification:_identify(/home/transporter/transporter_ws/firmware/BNO055_uros/bno055_uros_publisher/Drivers/CMSIS/Device/ST/STM32G4xx/Source/Templates) by extension 'ignore'
[0.388s] Level 1:colcon.colcon_core.package_identification:_identify(/home/transporter/transporter_ws/firmware/BNO055_uros/bno055_uros_publisher/Drivers/CMSIS/Device/ST/STM32G4xx/Source/Templates) by extension 'ignore_ament_install'
[0.388s] Level 1:colcon.colcon_core.package_identification:_identify(/home/transporter/transporter_ws/firmware/BNO055_uros/bno055_uros_publisher/Drivers/CMSIS/Device/ST/STM32G4xx/Source/Templates) by extensions ['colcon_pkg']
[0.388s] Level 1:colcon.colcon_core.package_identification:_identify(/home/transporter/transporter_ws/firmware/BNO055_uros/bno055_uros_publisher/Drivers/CMSIS/Device/ST/STM32G4xx/Source/Templates) by extension 'colcon_pkg'
[0.388s] Level 1:colcon.colcon_core.package_identification:_identify(/home/transporter/transporter_ws/firmware/BNO055_uros/bno055_uros_publisher/Drivers/CMSIS/Device/ST/STM32G4xx/Source/Templates) by extensions ['colcon_meta']
[0.388s] Level 1:colcon.colcon_core.package_identification:_identify(/home/transporter/transporter_ws/firmware/BNO055_uros/bno055_uros_publisher/Drivers/CMSIS/Device/ST/STM32G4xx/Source/Templates) by extension 'colcon_meta'
[0.388s] Level 1:colcon.colcon_core.package_identification:_identify(/home/transporter/transporter_ws/firmware/BNO055_uros/bno055_uros_publisher/Drivers/CMSIS/Device/ST/STM32G4xx/Source/Templates) by extensions ['ros']
[0.388s] Level 1:colcon.colcon_core.package_identification:_identify(/home/transporter/transporter_ws/firmware/BNO055_uros/bno055_uros_publisher/Drivers/CMSIS/Device/ST/STM32G4xx/Source/Templates) by extension 'ros'
[0.388s] Level 1:colcon.colcon_core.package_identification:_identify(/home/transporter/transporter_ws/firmware/BNO055_uros/bno055_uros_publisher/Drivers/CMSIS/Device/ST/STM32G4xx/Source/Templates) by extensions ['cmake', 'python']
[0.388s] Level 1:colcon.colcon_core.package_identification:_identify(/home/transporter/transporter_ws/firmware/BNO055_uros/bno055_uros_publisher/Drivers/CMSIS/Device/ST/STM32G4xx/Source/Templates) by extension 'cmake'
[0.388s] Level 1:colcon.colcon_core.package_identification:_identify(/home/transporter/transporter_ws/firmware/BNO055_uros/bno055_uros_publisher/Drivers/CMSIS/Device/ST/STM32G4xx/Source/Templates) by extension 'python'
[0.388s] Level 1:colcon.colcon_core.package_identification:_identify(/home/transporter/transporter_ws/firmware/BNO055_uros/bno055_uros_publisher/Drivers/CMSIS/Device/ST/STM32G4xx/Source/Templates) by extensions ['python_setup_py']
[0.388s] Level 1:colcon.colcon_core.package_identification:_identify(/home/transporter/transporter_ws/firmware/BNO055_uros/bno055_uros_publisher/Drivers/CMSIS/Device/ST/STM32G4xx/Source/Templates) by extension 'python_setup_py'
[0.388s] Level 1:colcon.colcon_core.package_identification:_identify(/home/transporter/transporter_ws/firmware/BNO055_uros/bno055_uros_publisher/Drivers/CMSIS/Include) by extensions ['ignore', 'ignore_ament_install']
[0.388s] Level 1:colcon.colcon_core.package_identification:_identify(/home/transporter/transporter_ws/firmware/BNO055_uros/bno055_uros_publisher/Drivers/CMSIS/Include) by extension 'ignore'
[0.388s] Level 1:colcon.colcon_core.package_identification:_identify(/home/transporter/transporter_ws/firmware/BNO055_uros/bno055_uros_publisher/Drivers/CMSIS/Include) by extension 'ignore_ament_install'
[0.388s] Level 1:colcon.colcon_core.package_identification:_identify(/home/transporter/transporter_ws/firmware/BNO055_uros/bno055_uros_publisher/Drivers/CMSIS/Include) by extensions ['colcon_pkg']
[0.388s] Level 1:colcon.colcon_core.package_identification:_identify(/home/transporter/transporter_ws/firmware/BNO055_uros/bno055_uros_publisher/Drivers/CMSIS/Include) by extension 'colcon_pkg'
[0.388s] Level 1:colcon.colcon_core.package_identification:_identify(/home/transporter/transporter_ws/firmware/BNO055_uros/bno055_uros_publisher/Drivers/CMSIS/Include) by extensions ['colcon_meta']
[0.388s] Level 1:colcon.colcon_core.package_identification:_identify(/home/transporter/transporter_ws/firmware/BNO055_uros/bno055_uros_publisher/Drivers/CMSIS/Include) by extension 'colcon_meta'
[0.388s] Level 1:colcon.colcon_core.package_identification:_identify(/home/transporter/transporter_ws/firmware/BNO055_uros/bno055_uros_publisher/Drivers/CMSIS/Include) by extensions ['ros']
[0.388s] Level 1:colcon.colcon_core.package_identification:_identify(/home/transporter/transporter_ws/firmware/BNO055_uros/bno055_uros_publisher/Drivers/CMSIS/Include) by extension 'ros'
[0.388s] Level 1:colcon.colcon_core.package_identification:_identify(/home/transporter/transporter_ws/firmware/BNO055_uros/bno055_uros_publisher/Drivers/CMSIS/Include) by extensions ['cmake', 'python']
[0.388s] Level 1:colcon.colcon_core.package_identification:_identify(/home/transporter/transporter_ws/firmware/BNO055_uros/bno055_uros_publisher/Drivers/CMSIS/Include) by extension 'cmake'
[0.388s] Level 1:colcon.colcon_core.package_identification:_identify(/home/transporter/transporter_ws/firmware/BNO055_uros/bno055_uros_publisher/Drivers/CMSIS/Include) by extension 'python'
[0.388s] Level 1:colcon.colcon_core.package_identification:_identify(/home/transporter/transporter_ws/firmware/BNO055_uros/bno055_uros_publisher/Drivers/CMSIS/Include) by extensions ['python_setup_py']
[0.388s] Level 1:colcon.colcon_core.package_identification:_identify(/home/transporter/transporter_ws/firmware/BNO055_uros/bno055_uros_publisher/Drivers/CMSIS/Include) by extension 'python_setup_py'
[0.388s] Level 1:colcon.colcon_core.package_identification:_identify(/home/transporter/transporter_ws/firmware/BNO055_uros/bno055_uros_publisher/Drivers/STM32G4xx_HAL_Driver) by extensions ['ignore', 'ignore_ament_install']
[0.389s] Level 1:colcon.colcon_core.package_identification:_identify(/home/transporter/transporter_ws/firmware/BNO055_uros/bno055_uros_publisher/Drivers/STM32G4xx_HAL_Driver) by extension 'ignore'
[0.389s] Level 1:colcon.colcon_core.package_identification:_identify(/home/transporter/transporter_ws/firmware/BNO055_uros/bno055_uros_publisher/Drivers/STM32G4xx_HAL_Driver) by extension 'ignore_ament_install'
[0.389s] Level 1:colcon.colcon_core.package_identification:_identify(/home/transporter/transporter_ws/firmware/BNO055_uros/bno055_uros_publisher/Drivers/STM32G4xx_HAL_Driver) by extensions ['colcon_pkg']
[0.389s] Level 1:colcon.colcon_core.package_identification:_identify(/home/transporter/transporter_ws/firmware/BNO055_uros/bno055_uros_publisher/Drivers/STM32G4xx_HAL_Driver) by extension 'colcon_pkg'
[0.389s] Level 1:colcon.colcon_core.package_identification:_identify(/home/transporter/transporter_ws/firmware/BNO055_uros/bno055_uros_publisher/Drivers/STM32G4xx_HAL_Driver) by extensions ['colcon_meta']
[0.389s] Level 1:colcon.colcon_core.package_identification:_identify(/home/transporter/transporter_ws/firmware/BNO055_uros/bno055_uros_publisher/Drivers/STM32G4xx_HAL_Driver) by extension 'colcon_meta'
[0.389s] Level 1:colcon.colcon_core.package_identification:_identify(/home/transporter/transporter_ws/firmware/BNO055_uros/bno055_uros_publisher/Drivers/STM32G4xx_HAL_Driver) by extensions ['ros']
[0.389s] Level 1:colcon.colcon_core.package_identification:_identify(/home/transporter/transporter_ws/firmware/BNO055_uros/bno055_uros_publisher/Drivers/STM32G4xx_HAL_Driver) by extension 'ros'
[0.389s] Level 1:colcon.colcon_core.package_identification:_identify(/home/transporter/transporter_ws/firmware/BNO055_uros/bno055_uros_publisher/Drivers/STM32G4xx_HAL_Driver) by extensions ['cmake', 'python']
[0.389s] Level 1:colcon.colcon_core.package_identification:_identify(/home/transporter/transporter_ws/firmware/BNO055_uros/bno055_uros_publisher/Drivers/STM32G4xx_HAL_Driver) by extension 'cmake'
[0.389s] Level 1:colcon.colcon_core.package_identification:_identify(/home/transporter/transporter_ws/firmware/BNO055_uros/bno055_uros_publisher/Drivers/STM32G4xx_HAL_Driver) by extension 'python'
[0.389s] Level 1:colcon.colcon_core.package_identification:_identify(/home/transporter/transporter_ws/firmware/BNO055_uros/bno055_uros_publisher/Drivers/STM32G4xx_HAL_Driver) by extensions ['python_setup_py']
[0.389s] Level 1:colcon.colcon_core.package_identification:_identify(/home/transporter/transporter_ws/firmware/BNO055_uros/bno055_uros_publisher/Drivers/STM32G4xx_HAL_Driver) by extension 'python_setup_py'
[0.389s] Level 1:colcon.colcon_core.package_identification:_identify(/home/transporter/transporter_ws/firmware/BNO055_uros/bno055_uros_publisher/Drivers/STM32G4xx_HAL_Driver/Inc) by extensions ['ignore', 'ignore_ament_install']
[0.389s] Level 1:colcon.colcon_core.package_identification:_identify(/home/transporter/transporter_ws/firmware/BNO055_uros/bno055_uros_publisher/Drivers/STM32G4xx_HAL_Driver/Inc) by extension 'ignore'
[0.389s] Level 1:colcon.colcon_core.package_identification:_identify(/home/transporter/transporter_ws/firmware/BNO055_uros/bno055_uros_publisher/Drivers/STM32G4xx_HAL_Driver/Inc) by extension 'ignore_ament_install'
[0.389s] Level 1:colcon.colcon_core.package_identification:_identify(/home/transporter/transporter_ws/firmware/BNO055_uros/bno055_uros_publisher/Drivers/STM32G4xx_HAL_Driver/Inc) by extensions ['colcon_pkg']
[0.389s] Level 1:colcon.colcon_core.package_identification:_identify(/home/transporter/transporter_ws/firmware/BNO055_uros/bno055_uros_publisher/Drivers/STM32G4xx_HAL_Driver/Inc) by extension 'colcon_pkg'
[0.389s] Level 1:colcon.colcon_core.package_identification:_identify(/home/transporter/transporter_ws/firmware/BNO055_uros/bno055_uros_publisher/Drivers/STM32G4xx_HAL_Driver/Inc) by extensions ['colcon_meta']
[0.389s] Level 1:colcon.colcon_core.package_identification:_identify(/home/transporter/transporter_ws/firmware/BNO055_uros/bno055_uros_publisher/Drivers/STM32G4xx_HAL_Driver/Inc) by extension 'colcon_meta'
[0.389s] Level 1:colcon.colcon_core.package_identification:_identify(/home/transporter/transporter_ws/firmware/BNO055_uros/bno055_uros_publisher/Drivers/STM32G4xx_HAL_Driver/Inc) by extensions ['ros']
[0.389s] Level 1:colcon.colcon_core.package_identification:_identify(/home/transporter/transporter_ws/firmware/BNO055_uros/bno055_uros_publisher/Drivers/STM32G4xx_HAL_Driver/Inc) by extension 'ros'
[0.389s] Level 1:colcon.colcon_core.package_identification:_identify(/home/transporter/transporter_ws/firmware/BNO055_uros/bno055_uros_publisher/Drivers/STM32G4xx_HAL_Driver/Inc) by extensions ['cmake', 'python']
[0.389s] Level 1:colcon.colcon_core.package_identification:_identify(/home/transporter/transporter_ws/firmware/BNO055_uros/bno055_uros_publisher/Drivers/STM32G4xx_HAL_Driver/Inc) by extension 'cmake'
[0.389s] Level 1:colcon.colcon_core.package_identification:_identify(/home/transporter/transporter_ws/firmware/BNO055_uros/bno055_uros_publisher/Drivers/STM32G4xx_HAL_Driver/Inc) by extension 'python'
[0.389s] Level 1:colcon.colcon_core.package_identification:_identify(/home/transporter/transporter_ws/firmware/BNO055_uros/bno055_uros_publisher/Drivers/STM32G4xx_HAL_Driver/Inc) by extensions ['python_setup_py']
[0.389s] Level 1:colcon.colcon_core.package_identification:_identify(/home/transporter/transporter_ws/firmware/BNO055_uros/bno055_uros_publisher/Drivers/STM32G4xx_HAL_Driver/Inc) by extension 'python_setup_py'
[0.389s] Level 1:colcon.colcon_core.package_identification:_identify(/home/transporter/transporter_ws/firmware/BNO055_uros/bno055_uros_publisher/Drivers/STM32G4xx_HAL_Driver/Inc/Legacy) by extensions ['ignore', 'ignore_ament_install']
[0.389s] Level 1:colcon.colcon_core.package_identification:_identify(/home/transporter/transporter_ws/firmware/BNO055_uros/bno055_uros_publisher/Drivers/STM32G4xx_HAL_Driver/Inc/Legacy) by extension 'ignore'
[0.389s] Level 1:colcon.colcon_core.package_identification:_identify(/home/transporter/transporter_ws/firmware/BNO055_uros/bno055_uros_publisher/Drivers/STM32G4xx_HAL_Driver/Inc/Legacy) by extension 'ignore_ament_install'
[0.389s] Level 1:colcon.colcon_core.package_identification:_identify(/home/transporter/transporter_ws/firmware/BNO055_uros/bno055_uros_publisher/Drivers/STM32G4xx_HAL_Driver/Inc/Legacy) by extensions ['colcon_pkg']
[0.389s] Level 1:colcon.colcon_core.package_identification:_identify(/home/transporter/transporter_ws/firmware/BNO055_uros/bno055_uros_publisher/Drivers/STM32G4xx_HAL_Driver/Inc/Legacy) by extension 'colcon_pkg'
[0.389s] Level 1:colcon.colcon_core.package_identification:_identify(/home/transporter/transporter_ws/firmware/BNO055_uros/bno055_uros_publisher/Drivers/STM32G4xx_HAL_Driver/Inc/Legacy) by extensions ['colcon_meta']
[0.389s] Level 1:colcon.colcon_core.package_identification:_identify(/home/transporter/transporter_ws/firmware/BNO055_uros/bno055_uros_publisher/Drivers/STM32G4xx_HAL_Driver/Inc/Legacy) by extension 'colcon_meta'
[0.389s] Level 1:colcon.colcon_core.package_identification:_identify(/home/transporter/transporter_ws/firmware/BNO055_uros/bno055_uros_publisher/Drivers/STM32G4xx_HAL_Driver/Inc/Legacy) by extensions ['ros']
[0.389s] Level 1:colcon.colcon_core.package_identification:_identify(/home/transporter/transporter_ws/firmware/BNO055_uros/bno055_uros_publisher/Drivers/STM32G4xx_HAL_Driver/Inc/Legacy) by extension 'ros'
[0.389s] Level 1:colcon.colcon_core.package_identification:_identify(/home/transporter/transporter_ws/firmware/BNO055_uros/bno055_uros_publisher/Drivers/STM32G4xx_HAL_Driver/Inc/Legacy) by extensions ['cmake', 'python']
[0.389s] Level 1:colcon.colcon_core.package_identification:_identify(/home/transporter/transporter_ws/firmware/BNO055_uros/bno055_uros_publisher/Drivers/STM32G4xx_HAL_Driver/Inc/Legacy) by extension 'cmake'
[0.389s] Level 1:colcon.colcon_core.package_identification:_identify(/home/transporter/transporter_ws/firmware/BNO055_uros/bno055_uros_publisher/Drivers/STM32G4xx_HAL_Driver/Inc/Legacy) by extension 'python'
[0.390s] Level 1:colcon.colcon_core.package_identification:_identify(/home/transporter/transporter_ws/firmware/BNO055_uros/bno055_uros_publisher/Drivers/STM32G4xx_HAL_Driver/Inc/Legacy) by extensions ['python_setup_py']
[0.390s] Level 1:colcon.colcon_core.package_identification:_identify(/home/transporter/transporter_ws/firmware/BNO055_uros/bno055_uros_publisher/Drivers/STM32G4xx_HAL_Driver/Inc/Legacy) by extension 'python_setup_py'
[0.390s] Level 1:colcon.colcon_core.package_identification:_identify(/home/transporter/transporter_ws/firmware/BNO055_uros/bno055_uros_publisher/Drivers/STM32G4xx_HAL_Driver/Src) by extensions ['ignore', 'ignore_ament_install']
[0.390s] Level 1:colcon.colcon_core.package_identification:_identify(/home/transporter/transporter_ws/firmware/BNO055_uros/bno055_uros_publisher/Drivers/STM32G4xx_HAL_Driver/Src) by extension 'ignore'
[0.390s] Level 1:colcon.colcon_core.package_identification:_identify(/home/transporter/transporter_ws/firmware/BNO055_uros/bno055_uros_publisher/Drivers/STM32G4xx_HAL_Driver/Src) by extension 'ignore_ament_install'
[0.390s] Level 1:colcon.colcon_core.package_identification:_identify(/home/transporter/transporter_ws/firmware/BNO055_uros/bno055_uros_publisher/Drivers/STM32G4xx_HAL_Driver/Src) by extensions ['colcon_pkg']
[0.390s] Level 1:colcon.colcon_core.package_identification:_identify(/home/transporter/transporter_ws/firmware/BNO055_uros/bno055_uros_publisher/Drivers/STM32G4xx_HAL_Driver/Src) by extension 'colcon_pkg'
[0.390s] Level 1:colcon.colcon_core.package_identification:_identify(/home/transporter/transporter_ws/firmware/BNO055_uros/bno055_uros_publisher/Drivers/STM32G4xx_HAL_Driver/Src) by extensions ['colcon_meta']
[0.390s] Level 1:colcon.colcon_core.package_identification:_identify(/home/transporter/transporter_ws/firmware/BNO055_uros/bno055_uros_publisher/Drivers/STM32G4xx_HAL_Driver/Src) by extension 'colcon_meta'
[0.390s] Level 1:colcon.colcon_core.package_identification:_identify(/home/transporter/transporter_ws/firmware/BNO055_uros/bno055_uros_publisher/Drivers/STM32G4xx_HAL_Driver/Src) by extensions ['ros']
[0.390s] Level 1:colcon.colcon_core.package_identification:_identify(/home/transporter/transporter_ws/firmware/BNO055_uros/bno055_uros_publisher/Drivers/STM32G4xx_HAL_Driver/Src) by extension 'ros'
[0.390s] Level 1:colcon.colcon_core.package_identification:_identify(/home/transporter/transporter_ws/firmware/BNO055_uros/bno055_uros_publisher/Drivers/STM32G4xx_HAL_Driver/Src) by extensions ['cmake', 'python']
[0.390s] Level 1:colcon.colcon_core.package_identification:_identify(/home/transporter/transporter_ws/firmware/BNO055_uros/bno055_uros_publisher/Drivers/STM32G4xx_HAL_Driver/Src) by extension 'cmake'
[0.390s] Level 1:colcon.colcon_core.package_identification:_identify(/home/transporter/transporter_ws/firmware/BNO055_uros/bno055_uros_publisher/Drivers/STM32G4xx_HAL_Driver/Src) by extension 'python'
[0.390s] Level 1:colcon.colcon_core.package_identification:_identify(/home/transporter/transporter_ws/firmware/BNO055_uros/bno055_uros_publisher/Drivers/STM32G4xx_HAL_Driver/Src) by extensions ['python_setup_py']
[0.390s] Level 1:colcon.colcon_core.package_identification:_identify(/home/transporter/transporter_ws/firmware/BNO055_uros/bno055_uros_publisher/Drivers/STM32G4xx_HAL_Driver/Src) by extension 'python_setup_py'
[0.390s] Level 1:colcon.colcon_core.package_identification:_identify(/home/transporter/transporter_ws/firmware/BNO055_uros/bno055_uros_publisher/Middlewares) by extensions ['ignore', 'ignore_ament_install']
[0.390s] Level 1:colcon.colcon_core.package_identification:_identify(/home/transporter/transporter_ws/firmware/BNO055_uros/bno055_uros_publisher/Middlewares) by extension 'ignore'
[0.390s] Level 1:colcon.colcon_core.package_identification:_identify(/home/transporter/transporter_ws/firmware/BNO055_uros/bno055_uros_publisher/Middlewares) by extension 'ignore_ament_install'
[0.390s] Level 1:colcon.colcon_core.package_identification:_identify(/home/transporter/transporter_ws/firmware/BNO055_uros/bno055_uros_publisher/Middlewares) by extensions ['colcon_pkg']
[0.390s] Level 1:colcon.colcon_core.package_identification:_identify(/home/transporter/transporter_ws/firmware/BNO055_uros/bno055_uros_publisher/Middlewares) by extension 'colcon_pkg'
[0.390s] Level 1:colcon.colcon_core.package_identification:_identify(/home/transporter/transporter_ws/firmware/BNO055_uros/bno055_uros_publisher/Middlewares) by extensions ['colcon_meta']
[0.390s] Level 1:colcon.colcon_core.package_identification:_identify(/home/transporter/transporter_ws/firmware/BNO055_uros/bno055_uros_publisher/Middlewares) by extension 'colcon_meta'
[0.390s] Level 1:colcon.colcon_core.package_identification:_identify(/home/transporter/transporter_ws/firmware/BNO055_uros/bno055_uros_publisher/Middlewares) by extensions ['ros']
[0.390s] Level 1:colcon.colcon_core.package_identification:_identify(/home/transporter/transporter_ws/firmware/BNO055_uros/bno055_uros_publisher/Middlewares) by extension 'ros'
[0.390s] Level 1:colcon.colcon_core.package_identification:_identify(/home/transporter/transporter_ws/firmware/BNO055_uros/bno055_uros_publisher/Middlewares) by extensions ['cmake', 'python']
[0.390s] Level 1:colcon.colcon_core.package_identification:_identify(/home/transporter/transporter_ws/firmware/BNO055_uros/bno055_uros_publisher/Middlewares) by extension 'cmake'
[0.390s] Level 1:colcon.colcon_core.package_identification:_identify(/home/transporter/transporter_ws/firmware/BNO055_uros/bno055_uros_publisher/Middlewares) by extension 'python'
[0.390s] Level 1:colcon.colcon_core.package_identification:_identify(/home/transporter/transporter_ws/firmware/BNO055_uros/bno055_uros_publisher/Middlewares) by extensions ['python_setup_py']
[0.390s] Level 1:colcon.colcon_core.package_identification:_identify(/home/transporter/transporter_ws/firmware/BNO055_uros/bno055_uros_publisher/Middlewares) by extension 'python_setup_py'
[0.390s] Level 1:colcon.colcon_core.package_identification:_identify(/home/transporter/transporter_ws/firmware/BNO055_uros/bno055_uros_publisher/Middlewares/Third_Party) by extensions ['ignore', 'ignore_ament_install']
[0.390s] Level 1:colcon.colcon_core.package_identification:_identify(/home/transporter/transporter_ws/firmware/BNO055_uros/bno055_uros_publisher/Middlewares/Third_Party) by extension 'ignore'
[0.390s] Level 1:colcon.colcon_core.package_identification:_identify(/home/transporter/transporter_ws/firmware/BNO055_uros/bno055_uros_publisher/Middlewares/Third_Party) by extension 'ignore_ament_install'
[0.390s] Level 1:colcon.colcon_core.package_identification:_identify(/home/transporter/transporter_ws/firmware/BNO055_uros/bno055_uros_publisher/Middlewares/Third_Party) by extensions ['colcon_pkg']
[0.390s] Level 1:colcon.colcon_core.package_identification:_identify(/home/transporter/transporter_ws/firmware/BNO055_uros/bno055_uros_publisher/Middlewares/Third_Party) by extension 'colcon_pkg'
[0.390s] Level 1:colcon.colcon_core.package_identification:_identify(/home/transporter/transporter_ws/firmware/BNO055_uros/bno055_uros_publisher/Middlewares/Third_Party) by extensions ['colcon_meta']
[0.390s] Level 1:colcon.colcon_core.package_identification:_identify(/home/transporter/transporter_ws/firmware/BNO055_uros/bno055_uros_publisher/Middlewares/Third_Party) by extension 'colcon_meta'
[0.390s] Level 1:colcon.colcon_core.package_identification:_identify(/home/transporter/transporter_ws/firmware/BNO055_uros/bno055_uros_publisher/Middlewares/Third_Party) by extensions ['ros']
[0.390s] Level 1:colcon.colcon_core.package_identification:_identify(/home/transporter/transporter_ws/firmware/BNO055_uros/bno055_uros_publisher/Middlewares/Third_Party) by extension 'ros'
[0.391s] Level 1:colcon.colcon_core.package_identification:_identify(/home/transporter/transporter_ws/firmware/BNO055_uros/bno055_uros_publisher/Middlewares/Third_Party) by extensions ['cmake', 'python']
[0.391s] Level 1:colcon.colcon_core.package_identification:_identify(/home/transporter/transporter_ws/firmware/BNO055_uros/bno055_uros_publisher/Middlewares/Third_Party) by extension 'cmake'
[0.391s] Level 1:colcon.colcon_core.package_identification:_identify(/home/transporter/transporter_ws/firmware/BNO055_uros/bno055_uros_publisher/Middlewares/Third_Party) by extension 'python'
[0.391s] Level 1:colcon.colcon_core.package_identification:_identify(/home/transporter/transporter_ws/firmware/BNO055_uros/bno055_uros_publisher/Middlewares/Third_Party) by extensions ['python_setup_py']
[0.391s] Level 1:colcon.colcon_core.package_identification:_identify(/home/transporter/transporter_ws/firmware/BNO055_uros/bno055_uros_publisher/Middlewares/Third_Party) by extension 'python_setup_py'
[0.391s] Level 1:colcon.colcon_core.package_identification:_identify(/home/transporter/transporter_ws/firmware/BNO055_uros/bno055_uros_publisher/Middlewares/Third_Party/FreeRTOS) by extensions ['ignore', 'ignore_ament_install']
[0.391s] Level 1:colcon.colcon_core.package_identification:_identify(/home/transporter/transporter_ws/firmware/BNO055_uros/bno055_uros_publisher/Middlewares/Third_Party/FreeRTOS) by extension 'ignore'
[0.391s] Level 1:colcon.colcon_core.package_identification:_identify(/home/transporter/transporter_ws/firmware/BNO055_uros/bno055_uros_publisher/Middlewares/Third_Party/FreeRTOS) by extension 'ignore_ament_install'
[0.391s] Level 1:colcon.colcon_core.package_identification:_identify(/home/transporter/transporter_ws/firmware/BNO055_uros/bno055_uros_publisher/Middlewares/Third_Party/FreeRTOS) by extensions ['colcon_pkg']
[0.391s] Level 1:colcon.colcon_core.package_identification:_identify(/home/transporter/transporter_ws/firmware/BNO055_uros/bno055_uros_publisher/Middlewares/Third_Party/FreeRTOS) by extension 'colcon_pkg'
[0.391s] Level 1:colcon.colcon_core.package_identification:_identify(/home/transporter/transporter_ws/firmware/BNO055_uros/bno055_uros_publisher/Middlewares/Third_Party/FreeRTOS) by extensions ['colcon_meta']
[0.391s] Level 1:colcon.colcon_core.package_identification:_identify(/home/transporter/transporter_ws/firmware/BNO055_uros/bno055_uros_publisher/Middlewares/Third_Party/FreeRTOS) by extension 'colcon_meta'
[0.391s] Level 1:colcon.colcon_core.package_identification:_identify(/home/transporter/transporter_ws/firmware/BNO055_uros/bno055_uros_publisher/Middlewares/Third_Party/FreeRTOS) by extensions ['ros']
[0.391s] Level 1:colcon.colcon_core.package_identification:_identify(/home/transporter/transporter_ws/firmware/BNO055_uros/bno055_uros_publisher/Middlewares/Third_Party/FreeRTOS) by extension 'ros'
[0.391s] Level 1:colcon.colcon_core.package_identification:_identify(/home/transporter/transporter_ws/firmware/BNO055_uros/bno055_uros_publisher/Middlewares/Third_Party/FreeRTOS) by extensions ['cmake', 'python']
[0.391s] Level 1:colcon.colcon_core.package_identification:_identify(/home/transporter/transporter_ws/firmware/BNO055_uros/bno055_uros_publisher/Middlewares/Third_Party/FreeRTOS) by extension 'cmake'
[0.391s] Level 1:colcon.colcon_core.package_identification:_identify(/home/transporter/transporter_ws/firmware/BNO055_uros/bno055_uros_publisher/Middlewares/Third_Party/FreeRTOS) by extension 'python'
[0.391s] Level 1:colcon.colcon_core.package_identification:_identify(/home/transporter/transporter_ws/firmware/BNO055_uros/bno055_uros_publisher/Middlewares/Third_Party/FreeRTOS) by extensions ['python_setup_py']
[0.391s] Level 1:colcon.colcon_core.package_identification:_identify(/home/transporter/transporter_ws/firmware/BNO055_uros/bno055_uros_publisher/Middlewares/Third_Party/FreeRTOS) by extension 'python_setup_py'
[0.391s] Level 1:colcon.colcon_core.package_identification:_identify(/home/transporter/transporter_ws/firmware/BNO055_uros/bno055_uros_publisher/Middlewares/Third_Party/FreeRTOS/Source) by extensions ['ignore', 'ignore_ament_install']
[0.391s] Level 1:colcon.colcon_core.package_identification:_identify(/home/transporter/transporter_ws/firmware/BNO055_uros/bno055_uros_publisher/Middlewares/Third_Party/FreeRTOS/Source) by extension 'ignore'
[0.391s] Level 1:colcon.colcon_core.package_identification:_identify(/home/transporter/transporter_ws/firmware/BNO055_uros/bno055_uros_publisher/Middlewares/Third_Party/FreeRTOS/Source) by extension 'ignore_ament_install'
[0.391s] Level 1:colcon.colcon_core.package_identification:_identify(/home/transporter/transporter_ws/firmware/BNO055_uros/bno055_uros_publisher/Middlewares/Third_Party/FreeRTOS/Source) by extensions ['colcon_pkg']
[0.391s] Level 1:colcon.colcon_core.package_identification:_identify(/home/transporter/transporter_ws/firmware/BNO055_uros/bno055_uros_publisher/Middlewares/Third_Party/FreeRTOS/Source) by extension 'colcon_pkg'
[0.391s] Level 1:colcon.colcon_core.package_identification:_identify(/home/transporter/transporter_ws/firmware/BNO055_uros/bno055_uros_publisher/Middlewares/Third_Party/FreeRTOS/Source) by extensions ['colcon_meta']
[0.391s] Level 1:colcon.colcon_core.package_identification:_identify(/home/transporter/transporter_ws/firmware/BNO055_uros/bno055_uros_publisher/Middlewares/Third_Party/FreeRTOS/Source) by extension 'colcon_meta'
[0.391s] Level 1:colcon.colcon_core.package_identification:_identify(/home/transporter/transporter_ws/firmware/BNO055_uros/bno055_uros_publisher/Middlewares/Third_Party/FreeRTOS/Source) by extensions ['ros']
[0.391s] Level 1:colcon.colcon_core.package_identification:_identify(/home/transporter/transporter_ws/firmware/BNO055_uros/bno055_uros_publisher/Middlewares/Third_Party/FreeRTOS/Source) by extension 'ros'
[0.391s] Level 1:colcon.colcon_core.package_identification:_identify(/home/transporter/transporter_ws/firmware/BNO055_uros/bno055_uros_publisher/Middlewares/Third_Party/FreeRTOS/Source) by extensions ['cmake', 'python']
[0.391s] Level 1:colcon.colcon_core.package_identification:_identify(/home/transporter/transporter_ws/firmware/BNO055_uros/bno055_uros_publisher/Middlewares/Third_Party/FreeRTOS/Source) by extension 'cmake'
[0.391s] Level 1:colcon.colcon_core.package_identification:_identify(/home/transporter/transporter_ws/firmware/BNO055_uros/bno055_uros_publisher/Middlewares/Third_Party/FreeRTOS/Source) by extension 'python'
[0.391s] Level 1:colcon.colcon_core.package_identification:_identify(/home/transporter/transporter_ws/firmware/BNO055_uros/bno055_uros_publisher/Middlewares/Third_Party/FreeRTOS/Source) by extensions ['python_setup_py']
[0.391s] Level 1:colcon.colcon_core.package_identification:_identify(/home/transporter/transporter_ws/firmware/BNO055_uros/bno055_uros_publisher/Middlewares/Third_Party/FreeRTOS/Source) by extension 'python_setup_py'
[0.391s] Level 1:colcon.colcon_core.package_identification:_identify(/home/transporter/transporter_ws/firmware/BNO055_uros/bno055_uros_publisher/Middlewares/Third_Party/FreeRTOS/Source/CMSIS_RTOS_V2) by extensions ['ignore', 'ignore_ament_install']
[0.391s] Level 1:colcon.colcon_core.package_identification:_identify(/home/transporter/transporter_ws/firmware/BNO055_uros/bno055_uros_publisher/Middlewares/Third_Party/FreeRTOS/Source/CMSIS_RTOS_V2) by extension 'ignore'
[0.391s] Level 1:colcon.colcon_core.package_identification:_identify(/home/transporter/transporter_ws/firmware/BNO055_uros/bno055_uros_publisher/Middlewares/Third_Party/FreeRTOS/Source/CMSIS_RTOS_V2) by extension 'ignore_ament_install'
[0.391s] Level 1:colcon.colcon_core.package_identification:_identify(/home/transporter/transporter_ws/firmware/BNO055_uros/bno055_uros_publisher/Middlewares/Third_Party/FreeRTOS/Source/CMSIS_RTOS_V2) by extensions ['colcon_pkg']
[0.392s] Level 1:colcon.colcon_core.package_identification:_identify(/home/transporter/transporter_ws/firmware/BNO055_uros/bno055_uros_publisher/Middlewares/Third_Party/FreeRTOS/Source/CMSIS_RTOS_V2) by extension 'colcon_pkg'
[0.392s] Level 1:colcon.colcon_core.package_identification:_identify(/home/transporter/transporter_ws/firmware/BNO055_uros/bno055_uros_publisher/Middlewares/Third_Party/FreeRTOS/Source/CMSIS_RTOS_V2) by extensions ['colcon_meta']
[0.392s] Level 1:colcon.colcon_core.package_identification:_identify(/home/transporter/transporter_ws/firmware/BNO055_uros/bno055_uros_publisher/Middlewares/Third_Party/FreeRTOS/Source/CMSIS_RTOS_V2) by extension 'colcon_meta'
[0.392s] Level 1:colcon.colcon_core.package_identification:_identify(/home/transporter/transporter_ws/firmware/BNO055_uros/bno055_uros_publisher/Middlewares/Third_Party/FreeRTOS/Source/CMSIS_RTOS_V2) by extensions ['ros']
[0.392s] Level 1:colcon.colcon_core.package_identification:_identify(/home/transporter/transporter_ws/firmware/BNO055_uros/bno055_uros_publisher/Middlewares/Third_Party/FreeRTOS/Source/CMSIS_RTOS_V2) by extension 'ros'
[0.392s] Level 1:colcon.colcon_core.package_identification:_identify(/home/transporter/transporter_ws/firmware/BNO055_uros/bno055_uros_publisher/Middlewares/Third_Party/FreeRTOS/Source/CMSIS_RTOS_V2) by extensions ['cmake', 'python']
[0.392s] Level 1:colcon.colcon_core.package_identification:_identify(/home/transporter/transporter_ws/firmware/BNO055_uros/bno055_uros_publisher/Middlewares/Third_Party/FreeRTOS/Source/CMSIS_RTOS_V2) by extension 'cmake'
[0.392s] Level 1:colcon.colcon_core.package_identification:_identify(/home/transporter/transporter_ws/firmware/BNO055_uros/bno055_uros_publisher/Middlewares/Third_Party/FreeRTOS/Source/CMSIS_RTOS_V2) by extension 'python'
[0.392s] Level 1:colcon.colcon_core.package_identification:_identify(/home/transporter/transporter_ws/firmware/BNO055_uros/bno055_uros_publisher/Middlewares/Third_Party/FreeRTOS/Source/CMSIS_RTOS_V2) by extensions ['python_setup_py']
[0.392s] Level 1:colcon.colcon_core.package_identification:_identify(/home/transporter/transporter_ws/firmware/BNO055_uros/bno055_uros_publisher/Middlewares/Third_Party/FreeRTOS/Source/CMSIS_RTOS_V2) by extension 'python_setup_py'
[0.392s] Level 1:colcon.colcon_core.package_identification:_identify(/home/transporter/transporter_ws/firmware/BNO055_uros/bno055_uros_publisher/Middlewares/Third_Party/FreeRTOS/Source/include) by extensions ['ignore', 'ignore_ament_install']
[0.392s] Level 1:colcon.colcon_core.package_identification:_identify(/home/transporter/transporter_ws/firmware/BNO055_uros/bno055_uros_publisher/Middlewares/Third_Party/FreeRTOS/Source/include) by extension 'ignore'
[0.392s] Level 1:colcon.colcon_core.package_identification:_identify(/home/transporter/transporter_ws/firmware/BNO055_uros/bno055_uros_publisher/Middlewares/Third_Party/FreeRTOS/Source/include) by extension 'ignore_ament_install'
[0.392s] Level 1:colcon.colcon_core.package_identification:_identify(/home/transporter/transporter_ws/firmware/BNO055_uros/bno055_uros_publisher/Middlewares/Third_Party/FreeRTOS/Source/include) by extensions ['colcon_pkg']
[0.392s] Level 1:colcon.colcon_core.package_identification:_identify(/home/transporter/transporter_ws/firmware/BNO055_uros/bno055_uros_publisher/Middlewares/Third_Party/FreeRTOS/Source/include) by extension 'colcon_pkg'
[0.392s] Level 1:colcon.colcon_core.package_identification:_identify(/home/transporter/transporter_ws/firmware/BNO055_uros/bno055_uros_publisher/Middlewares/Third_Party/FreeRTOS/Source/include) by extensions ['colcon_meta']
[0.392s] Level 1:colcon.colcon_core.package_identification:_identify(/home/transporter/transporter_ws/firmware/BNO055_uros/bno055_uros_publisher/Middlewares/Third_Party/FreeRTOS/Source/include) by extension 'colcon_meta'
[0.392s] Level 1:colcon.colcon_core.package_identification:_identify(/home/transporter/transporter_ws/firmware/BNO055_uros/bno055_uros_publisher/Middlewares/Third_Party/FreeRTOS/Source/include) by extensions ['ros']
[0.392s] Level 1:colcon.colcon_core.package_identification:_identify(/home/transporter/transporter_ws/firmware/BNO055_uros/bno055_uros_publisher/Middlewares/Third_Party/FreeRTOS/Source/include) by extension 'ros'
[0.392s] Level 1:colcon.colcon_core.package_identification:_identify(/home/transporter/transporter_ws/firmware/BNO055_uros/bno055_uros_publisher/Middlewares/Third_Party/FreeRTOS/Source/include) by extensions ['cmake', 'python']
[0.392s] Level 1:colcon.colcon_core.package_identification:_identify(/home/transporter/transporter_ws/firmware/BNO055_uros/bno055_uros_publisher/Middlewares/Third_Party/FreeRTOS/Source/include) by extension 'cmake'
[0.392s] Level 1:colcon.colcon_core.package_identification:_identify(/home/transporter/transporter_ws/firmware/BNO055_uros/bno055_uros_publisher/Middlewares/Third_Party/FreeRTOS/Source/include) by extension 'python'
[0.392s] Level 1:colcon.colcon_core.package_identification:_identify(/home/transporter/transporter_ws/firmware/BNO055_uros/bno055_uros_publisher/Middlewares/Third_Party/FreeRTOS/Source/include) by extensions ['python_setup_py']
[0.392s] Level 1:colcon.colcon_core.package_identification:_identify(/home/transporter/transporter_ws/firmware/BNO055_uros/bno055_uros_publisher/Middlewares/Third_Party/FreeRTOS/Source/include) by extension 'python_setup_py'
[0.392s] Level 1:colcon.colcon_core.package_identification:_identify(/home/transporter/transporter_ws/firmware/BNO055_uros/bno055_uros_publisher/Middlewares/Third_Party/FreeRTOS/Source/portable) by extensions ['ignore', 'ignore_ament_install']
[0.392s] Level 1:colcon.colcon_core.package_identification:_identify(/home/transporter/transporter_ws/firmware/BNO055_uros/bno055_uros_publisher/Middlewares/Third_Party/FreeRTOS/Source/portable) by extension 'ignore'
[0.392s] Level 1:colcon.colcon_core.package_identification:_identify(/home/transporter/transporter_ws/firmware/BNO055_uros/bno055_uros_publisher/Middlewares/Third_Party/FreeRTOS/Source/portable) by extension 'ignore_ament_install'
[0.392s] Level 1:colcon.colcon_core.package_identification:_identify(/home/transporter/transporter_ws/firmware/BNO055_uros/bno055_uros_publisher/Middlewares/Third_Party/FreeRTOS/Source/portable) by extensions ['colcon_pkg']
[0.392s] Level 1:colcon.colcon_core.package_identification:_identify(/home/transporter/transporter_ws/firmware/BNO055_uros/bno055_uros_publisher/Middlewares/Third_Party/FreeRTOS/Source/portable) by extension 'colcon_pkg'
[0.392s] Level 1:colcon.colcon_core.package_identification:_identify(/home/transporter/transporter_ws/firmware/BNO055_uros/bno055_uros_publisher/Middlewares/Third_Party/FreeRTOS/Source/portable) by extensions ['colcon_meta']
[0.392s] Level 1:colcon.colcon_core.package_identification:_identify(/home/transporter/transporter_ws/firmware/BNO055_uros/bno055_uros_publisher/Middlewares/Third_Party/FreeRTOS/Source/portable) by extension 'colcon_meta'
[0.392s] Level 1:colcon.colcon_core.package_identification:_identify(/home/transporter/transporter_ws/firmware/BNO055_uros/bno055_uros_publisher/Middlewares/Third_Party/FreeRTOS/Source/portable) by extensions ['ros']
[0.392s] Level 1:colcon.colcon_core.package_identification:_identify(/home/transporter/transporter_ws/firmware/BNO055_uros/bno055_uros_publisher/Middlewares/Third_Party/FreeRTOS/Source/portable) by extension 'ros'
[0.392s] Level 1:colcon.colcon_core.package_identification:_identify(/home/transporter/transporter_ws/firmware/BNO055_uros/bno055_uros_publisher/Middlewares/Third_Party/FreeRTOS/Source/portable) by extensions ['cmake', 'python']
[0.392s] Level 1:colcon.colcon_core.package_identification:_identify(/home/transporter/transporter_ws/firmware/BNO055_uros/bno055_uros_publisher/Middlewares/Third_Party/FreeRTOS/Source/portable) by extension 'cmake'
[0.392s] Level 1:colcon.colcon_core.package_identification:_identify(/home/transporter/transporter_ws/firmware/BNO055_uros/bno055_uros_publisher/Middlewares/Third_Party/FreeRTOS/Source/portable) by extension 'python'
[0.392s] Level 1:colcon.colcon_core.package_identification:_identify(/home/transporter/transporter_ws/firmware/BNO055_uros/bno055_uros_publisher/Middlewares/Third_Party/FreeRTOS/Source/portable) by extensions ['python_setup_py']
[0.392s] Level 1:colcon.colcon_core.package_identification:_identify(/home/transporter/transporter_ws/firmware/BNO055_uros/bno055_uros_publisher/Middlewares/Third_Party/FreeRTOS/Source/portable) by extension 'python_setup_py'
[0.393s] Level 1:colcon.colcon_core.package_identification:_identify(/home/transporter/transporter_ws/firmware/BNO055_uros/bno055_uros_publisher/Middlewares/Third_Party/FreeRTOS/Source/portable/GCC) by extensions ['ignore', 'ignore_ament_install']
[0.393s] Level 1:colcon.colcon_core.package_identification:_identify(/home/transporter/transporter_ws/firmware/BNO055_uros/bno055_uros_publisher/Middlewares/Third_Party/FreeRTOS/Source/portable/GCC) by extension 'ignore'
[0.393s] Level 1:colcon.colcon_core.package_identification:_identify(/home/transporter/transporter_ws/firmware/BNO055_uros/bno055_uros_publisher/Middlewares/Third_Party/FreeRTOS/Source/portable/GCC) by extension 'ignore_ament_install'
[0.393s] Level 1:colcon.colcon_core.package_identification:_identify(/home/transporter/transporter_ws/firmware/BNO055_uros/bno055_uros_publisher/Middlewares/Third_Party/FreeRTOS/Source/portable/GCC) by extensions ['colcon_pkg']
[0.393s] Level 1:colcon.colcon_core.package_identification:_identify(/home/transporter/transporter_ws/firmware/BNO055_uros/bno055_uros_publisher/Middlewares/Third_Party/FreeRTOS/Source/portable/GCC) by extension 'colcon_pkg'
[0.393s] Level 1:colcon.colcon_core.package_identification:_identify(/home/transporter/transporter_ws/firmware/BNO055_uros/bno055_uros_publisher/Middlewares/Third_Party/FreeRTOS/Source/portable/GCC) by extensions ['colcon_meta']
[0.393s] Level 1:colcon.colcon_core.package_identification:_identify(/home/transporter/transporter_ws/firmware/BNO055_uros/bno055_uros_publisher/Middlewares/Third_Party/FreeRTOS/Source/portable/GCC) by extension 'colcon_meta'
[0.393s] Level 1:colcon.colcon_core.package_identification:_identify(/home/transporter/transporter_ws/firmware/BNO055_uros/bno055_uros_publisher/Middlewares/Third_Party/FreeRTOS/Source/portable/GCC) by extensions ['ros']
[0.393s] Level 1:colcon.colcon_core.package_identification:_identify(/home/transporter/transporter_ws/firmware/BNO055_uros/bno055_uros_publisher/Middlewares/Third_Party/FreeRTOS/Source/portable/GCC) by extension 'ros'
[0.393s] Level 1:colcon.colcon_core.package_identification:_identify(/home/transporter/transporter_ws/firmware/BNO055_uros/bno055_uros_publisher/Middlewares/Third_Party/FreeRTOS/Source/portable/GCC) by extensions ['cmake', 'python']
[0.393s] Level 1:colcon.colcon_core.package_identification:_identify(/home/transporter/transporter_ws/firmware/BNO055_uros/bno055_uros_publisher/Middlewares/Third_Party/FreeRTOS/Source/portable/GCC) by extension 'cmake'
[0.393s] Level 1:colcon.colcon_core.package_identification:_identify(/home/transporter/transporter_ws/firmware/BNO055_uros/bno055_uros_publisher/Middlewares/Third_Party/FreeRTOS/Source/portable/GCC) by extension 'python'
[0.393s] Level 1:colcon.colcon_core.package_identification:_identify(/home/transporter/transporter_ws/firmware/BNO055_uros/bno055_uros_publisher/Middlewares/Third_Party/FreeRTOS/Source/portable/GCC) by extensions ['python_setup_py']
[0.393s] Level 1:colcon.colcon_core.package_identification:_identify(/home/transporter/transporter_ws/firmware/BNO055_uros/bno055_uros_publisher/Middlewares/Third_Party/FreeRTOS/Source/portable/GCC) by extension 'python_setup_py'
[0.393s] Level 1:colcon.colcon_core.package_identification:_identify(/home/transporter/transporter_ws/firmware/BNO055_uros/bno055_uros_publisher/Middlewares/Third_Party/FreeRTOS/Source/portable/GCC/ARM_CM4F) by extensions ['ignore', 'ignore_ament_install']
[0.393s] Level 1:colcon.colcon_core.package_identification:_identify(/home/transporter/transporter_ws/firmware/BNO055_uros/bno055_uros_publisher/Middlewares/Third_Party/FreeRTOS/Source/portable/GCC/ARM_CM4F) by extension 'ignore'
[0.393s] Level 1:colcon.colcon_core.package_identification:_identify(/home/transporter/transporter_ws/firmware/BNO055_uros/bno055_uros_publisher/Middlewares/Third_Party/FreeRTOS/Source/portable/GCC/ARM_CM4F) by extension 'ignore_ament_install'
[0.393s] Level 1:colcon.colcon_core.package_identification:_identify(/home/transporter/transporter_ws/firmware/BNO055_uros/bno055_uros_publisher/Middlewares/Third_Party/FreeRTOS/Source/portable/GCC/ARM_CM4F) by extensions ['colcon_pkg']
[0.393s] Level 1:colcon.colcon_core.package_identification:_identify(/home/transporter/transporter_ws/firmware/BNO055_uros/bno055_uros_publisher/Middlewares/Third_Party/FreeRTOS/Source/portable/GCC/ARM_CM4F) by extension 'colcon_pkg'
[0.393s] Level 1:colcon.colcon_core.package_identification:_identify(/home/transporter/transporter_ws/firmware/BNO055_uros/bno055_uros_publisher/Middlewares/Third_Party/FreeRTOS/Source/portable/GCC/ARM_CM4F) by extensions ['colcon_meta']
[0.393s] Level 1:colcon.colcon_core.package_identification:_identify(/home/transporter/transporter_ws/firmware/BNO055_uros/bno055_uros_publisher/Middlewares/Third_Party/FreeRTOS/Source/portable/GCC/ARM_CM4F) by extension 'colcon_meta'
[0.393s] Level 1:colcon.colcon_core.package_identification:_identify(/home/transporter/transporter_ws/firmware/BNO055_uros/bno055_uros_publisher/Middlewares/Third_Party/FreeRTOS/Source/portable/GCC/ARM_CM4F) by extensions ['ros']
[0.393s] Level 1:colcon.colcon_core.package_identification:_identify(/home/transporter/transporter_ws/firmware/BNO055_uros/bno055_uros_publisher/Middlewares/Third_Party/FreeRTOS/Source/portable/GCC/ARM_CM4F) by extension 'ros'
[0.393s] Level 1:colcon.colcon_core.package_identification:_identify(/home/transporter/transporter_ws/firmware/BNO055_uros/bno055_uros_publisher/Middlewares/Third_Party/FreeRTOS/Source/portable/GCC/ARM_CM4F) by extensions ['cmake', 'python']
[0.393s] Level 1:colcon.colcon_core.package_identification:_identify(/home/transporter/transporter_ws/firmware/BNO055_uros/bno055_uros_publisher/Middlewares/Third_Party/FreeRTOS/Source/portable/GCC/ARM_CM4F) by extension 'cmake'
[0.393s] Level 1:colcon.colcon_core.package_identification:_identify(/home/transporter/transporter_ws/firmware/BNO055_uros/bno055_uros_publisher/Middlewares/Third_Party/FreeRTOS/Source/portable/GCC/ARM_CM4F) by extension 'python'
[0.393s] Level 1:colcon.colcon_core.package_identification:_identify(/home/transporter/transporter_ws/firmware/BNO055_uros/bno055_uros_publisher/Middlewares/Third_Party/FreeRTOS/Source/portable/GCC/ARM_CM4F) by extensions ['python_setup_py']
[0.393s] Level 1:colcon.colcon_core.package_identification:_identify(/home/transporter/transporter_ws/firmware/BNO055_uros/bno055_uros_publisher/Middlewares/Third_Party/FreeRTOS/Source/portable/GCC/ARM_CM4F) by extension 'python_setup_py'
[0.393s] Level 1:colcon.colcon_core.package_identification:_identify(/home/transporter/transporter_ws/firmware/BNO055_uros/bno055_uros_publisher/Middlewares/Third_Party/FreeRTOS/Source/portable/MemMang) by extensions ['ignore', 'ignore_ament_install']
[0.393s] Level 1:colcon.colcon_core.package_identification:_identify(/home/transporter/transporter_ws/firmware/BNO055_uros/bno055_uros_publisher/Middlewares/Third_Party/FreeRTOS/Source/portable/MemMang) by extension 'ignore'
[0.393s] Level 1:colcon.colcon_core.package_identification:_identify(/home/transporter/transporter_ws/firmware/BNO055_uros/bno055_uros_publisher/Middlewares/Third_Party/FreeRTOS/Source/portable/MemMang) by extension 'ignore_ament_install'
[0.393s] Level 1:colcon.colcon_core.package_identification:_identify(/home/transporter/transporter_ws/firmware/BNO055_uros/bno055_uros_publisher/Middlewares/Third_Party/FreeRTOS/Source/portable/MemMang) by extensions ['colcon_pkg']
[0.393s] Level 1:colcon.colcon_core.package_identification:_identify(/home/transporter/transporter_ws/firmware/BNO055_uros/bno055_uros_publisher/Middlewares/Third_Party/FreeRTOS/Source/portable/MemMang) by extension 'colcon_pkg'
[0.393s] Level 1:colcon.colcon_core.package_identification:_identify(/home/transporter/transporter_ws/firmware/BNO055_uros/bno055_uros_publisher/Middlewares/Third_Party/FreeRTOS/Source/portable/MemMang) by extensions ['colcon_meta']
[0.393s] Level 1:colcon.colcon_core.package_identification:_identify(/home/transporter/transporter_ws/firmware/BNO055_uros/bno055_uros_publisher/Middlewares/Third_Party/FreeRTOS/Source/portable/MemMang) by extension 'colcon_meta'
[0.393s] Level 1:colcon.colcon_core.package_identification:_identify(/home/transporter/transporter_ws/firmware/BNO055_uros/bno055_uros_publisher/Middlewares/Third_Party/FreeRTOS/Source/portable/MemMang) by extensions ['ros']
[0.393s] Level 1:colcon.colcon_core.package_identification:_identify(/home/transporter/transporter_ws/firmware/BNO055_uros/bno055_uros_publisher/Middlewares/Third_Party/FreeRTOS/Source/portable/MemMang) by extension 'ros'
[0.394s] Level 1:colcon.colcon_core.package_identification:_identify(/home/transporter/transporter_ws/firmware/BNO055_uros/bno055_uros_publisher/Middlewares/Third_Party/FreeRTOS/Source/portable/MemMang) by extensions ['cmake', 'python']
[0.394s] Level 1:colcon.colcon_core.package_identification:_identify(/home/transporter/transporter_ws/firmware/BNO055_uros/bno055_uros_publisher/Middlewares/Third_Party/FreeRTOS/Source/portable/MemMang) by extension 'cmake'
[0.394s] Level 1:colcon.colcon_core.package_identification:_identify(/home/transporter/transporter_ws/firmware/BNO055_uros/bno055_uros_publisher/Middlewares/Third_Party/FreeRTOS/Source/portable/MemMang) by extension 'python'
[0.394s] Level 1:colcon.colcon_core.package_identification:_identify(/home/transporter/transporter_ws/firmware/BNO055_uros/bno055_uros_publisher/Middlewares/Third_Party/FreeRTOS/Source/portable/MemMang) by extensions ['python_setup_py']
[0.394s] Level 1:colcon.colcon_core.package_identification:_identify(/home/transporter/transporter_ws/firmware/BNO055_uros/bno055_uros_publisher/Middlewares/Third_Party/FreeRTOS/Source/portable/MemMang) by extension 'python_setup_py'
[0.394s] Level 1:colcon.colcon_core.package_identification:_identify(/home/transporter/transporter_ws/firmware/BNO055_uros/bno055_uros_publisher/log) by extensions ['ignore', 'ignore_ament_install']
[0.394s] Level 1:colcon.colcon_core.package_identification:_identify(/home/transporter/transporter_ws/firmware/BNO055_uros/bno055_uros_publisher/log) by extension 'ignore'
[0.394s] Level 1:colcon.colcon_core.package_identification:_identify(/home/transporter/transporter_ws/firmware/BNO055_uros/bno055_uros_publisher/log) ignored
[0.394s] Level 1:colcon.colcon_core.package_identification:_identify(/home/transporter/transporter_ws/firmware/BNO055_uros/bno055_uros_publisher/micro_ros_stm32cubemx_utils) by extensions ['ignore', 'ignore_ament_install']
[0.394s] Level 1:colcon.colcon_core.package_identification:_identify(/home/transporter/transporter_ws/firmware/BNO055_uros/bno055_uros_publisher/micro_ros_stm32cubemx_utils) by extension 'ignore'
[0.394s] Level 1:colcon.colcon_core.package_identification:_identify(/home/transporter/transporter_ws/firmware/BNO055_uros/bno055_uros_publisher/micro_ros_stm32cubemx_utils) by extension 'ignore_ament_install'
[0.394s] Level 1:colcon.colcon_core.package_identification:_identify(/home/transporter/transporter_ws/firmware/BNO055_uros/bno055_uros_publisher/micro_ros_stm32cubemx_utils) by extensions ['colcon_pkg']
[0.394s] Level 1:colcon.colcon_core.package_identification:_identify(/home/transporter/transporter_ws/firmware/BNO055_uros/bno055_uros_publisher/micro_ros_stm32cubemx_utils) by extension 'colcon_pkg'
[0.394s] Level 1:colcon.colcon_core.package_identification:_identify(/home/transporter/transporter_ws/firmware/BNO055_uros/bno055_uros_publisher/micro_ros_stm32cubemx_utils) by extensions ['colcon_meta']
[0.394s] Level 1:colcon.colcon_core.package_identification:_identify(/home/transporter/transporter_ws/firmware/BNO055_uros/bno055_uros_publisher/micro_ros_stm32cubemx_utils) by extension 'colcon_meta'
[0.394s] Level 1:colcon.colcon_core.package_identification:_identify(/home/transporter/transporter_ws/firmware/BNO055_uros/bno055_uros_publisher/micro_ros_stm32cubemx_utils) by extensions ['ros']
[0.394s] Level 1:colcon.colcon_core.package_identification:_identify(/home/transporter/transporter_ws/firmware/BNO055_uros/bno055_uros_publisher/micro_ros_stm32cubemx_utils) by extension 'ros'
[0.396s] DEBUG:colcon.colcon_core.package_identification:Package '/home/transporter/transporter_ws/firmware/BNO055_uros/bno055_uros_publisher/micro_ros_stm32cubemx_utils' with type 'ros.catkin' and name 'micro_ros_stmcube'
[0.396s] Level 1:colcon.colcon_core.package_identification:_identify(/home/transporter/transporter_ws/firmware/BNO055_uros/log) by extensions ['ignore', 'ignore_ament_install']
[0.396s] Level 1:colcon.colcon_core.package_identification:_identify(/home/transporter/transporter_ws/firmware/BNO055_uros/log) by extension 'ignore'
[0.396s] Level 1:colcon.colcon_core.package_identification:_identify(/home/transporter/transporter_ws/firmware/BNO055_uros/log) ignored
[0.396s] Level 1:colcon.colcon_core.package_discovery:discover_packages(recursive) using defaults
